time,x,y,yaw,vx,vy,omega,fl_steer_rad,fr_steer_rad,rl_steer_rad,rr_steer_rad,fl_speed_mps,fr_speed_mps,rl_speed_mps,rr_speed_mps
0.02,0.0004,0.0,0.0,0.02,0.0,0.0,0.0,0.0,0.0,0.0,0.02,0.02,0.02,0.02
0.04,0.0012000000000000001,0.0,0.0,0.04,0.0,0.0,0.0,0.0,0.0,0.0,0.04,0.04,0.04,0.04
0.06,0.0024000000000000002,0.0,0.0,0.06,0.0,0.0,0.0,0.0,0.0,0.0,0.06,0.06,0.06,0.06
0.08,0.004,0.0,0.0,0.08,0.0,0.0,0.0,0.0,0.0,0.0,0.08,0.08,0.08,0.08
0.1,0.006,0.0,0.0,0.1,0.0,0.0,0.0,0.0,0.0,0.0,0.1,0.1,0.1,0.1
0.12000000000000001,0.008400000000000001,0.0,0.0,0.12000000000000001,0.0,0.0,0.0,0.0,0.0,0.0,0.12000000000000001,0.12000000000000001,0.12000000000000001,0.12000000000000001
0.14,0.011200000000000002,0.0,0.0,0.14,0.0,0.0,0.0,0.0,0.0,0.0,0.14,0.14,0.14,0.14
0.16,0.014400000000000001,0.0,0.0,0.16,0.0,0.0,0.0,0.0,0.0,0.0,0.16,0.16,0.16,0.16
0.18,0.018000000000000002,0.0,0.0,0.18,0.0,0.0,0.0,0.0,0.0,0.0,0.18,0.18,0.18,0.18
0.19999999999999998,0.022000000000000002,0.0,0.0,0.19999999999999998,0.0,0.0,0.0,0.0,0.0,0.0,0.19999999999999998,0.19999999999999998,0.19999999999999998,0.19999999999999998
0.21999999999999997,0.0264,0.0,0.0,0.21999999999999997,0.0,0.0,0.0,0.0,0.0,0.0,0.21999999999999997,0.21999999999999997,0.21999999999999997,0.21999999999999997
0.23999999999999996,0.0312,0.0,0.0,0.23999999999999996,0.0,0.0,0.0,0.0,0.0,0.0,0.23999999999999996,0.23999999999999996,0.23999999999999996,0.23999999999999996
0.25999999999999995,0.036399999999999995,0.0,0.0,0.25999999999999995,0.0,0.0,0.0,0.0,0.0,0.0,0.25999999999999995,0.25999999999999995,0.25999999999999995,0.25999999999999995
0.27999999999999997,0.041999999999999996,0.0,0.0,0.27999999999999997,0.0,0.0,0.0,0.0,0.0,0.0,0.27999999999999997,0.27999999999999997,0.27999999999999997,0.27999999999999997
0.3,0.047999999999999994,0.0,0.0,0.3,0.0,0.0,0.0,0.0,0.0,0.0,0.3,0.3,0.3,0.3
0.32,0.0544,0.0,0.0,0.32,0.0,0.0,0.0,0.0,0.0,0.0,0.32,0.32,0.32,0.32
0.34,0.0612,0.0,0.0,0.34,0.0,0.0,0.0,0.0,0.0,0.0,0.34,0.34,0.34,0.34
0.36000000000000004,0.0684,0.0,0.0,0.36000000000000004,0.0,0.0,0.0,0.0,0.0,0.0,0.36000000000000004,0.36000000000000004,0.36000000000000004,0.36000000000000004
0.38000000000000006,0.076,0.0,0.0,0.38000000000000006,0.0,0.0,0.0,0.0,0.0,0.0,0.38000000000000006,0.38000000000000006,0.38000000000000006,0.38000000000000006
0.4000000000000001,0.084,0.0,0.0,0.4000000000000001,0.0,0.0,0.0,0.0,0.0,0.0,0.4000000000000001,0.4000000000000001,0.4000000000000001,0.4000000000000001
0.4200000000000001,0.09240000000000001,0.0,0.0,0.4200000000000001,0.0,0.0,0.0,0.0,0.0,0.0,0.4200000000000001,0.4200000000000001,0.4200000000000001,0.4200000000000001
0.4400000000000001,0.10120000000000001,0.0,0.0,0.4400000000000001,0.0,0.0,0.0,0.0,0.0,0.0,0.4400000000000001,0.4400000000000001,0.4400000000000001,0.4400000000000001
0.46000000000000013,0.11040000000000001,0.0,0.0,0.46000000000000013,0.0,0.0,0.0,0.0,0.0,0.0,0.46000000000000013,0.46000000000000013,0.46000000000000013,0.46000000000000013
0.48000000000000015,0.12000000000000001,0.0,0.0,0.48000000000000015,0.0,0.0,0.0,0.0,0.0,0.0,0.48000000000000015,0.48000000000000015,0.48000000000000015,0.48000000000000015
0.5000000000000001,0.13,0.0,0.0,0.5000000000000001,0.0,0.0,0.0,0.0,0.0,0.0,0.5000000000000001,0.5000000000000001,0.5000000000000001,0.5000000000000001
0.5200000000000001,0.1404,0.0,0.0,0.5200000000000001,0.0,0.0,0.0,0.0,0.0,0.0,0.5200000000000001,0.5200000000000001,0.5200000000000001,0.5200000000000001
0.5400000000000001,0.1512,0.0,0.0,0.5400000000000001,0.0,0.0,0.0,0.0,0.0,0.0,0.5400000000000001,0.5400000000000001,0.5400000000000001,0.5400000000000001
0.5600000000000002,0.16240000000000002,0.0,0.0,0.5600000000000002,0.0,0.0,0.0,0.0,0.0,0.0,0.5600000000000002,0.5600000000000002,0.5600000000000002,0.5600000000000002
0.5800000000000002,0.17400000000000002,0.0,0.0,0.5800000000000002,0.0,0.0,0.0,0.0,0.0,0.0,0.5800000000000002,0.5800000000000002,0.5800000000000002,0.5800000000000002
0.6000000000000002,0.18600000000000003,0.0,0.0,0.6,0.0,0.0,0.0,0.0,0.0,0.0,0.6,0.6,0.6,0.6
0.6200000000000002,0.19800000000000004,0.0,0.0,0.6,0.0,0.0,0.0,0.0,0.0,0.0,0.6,0.6,0.6,0.6
0.6400000000000002,0.21000000000000005,0.0,0.0,0.6,0.0,0.0,0.0,0.0,0.0,0.0,0.6,0.6,0.6,0.6
0.6600000000000003,0.22200000000000006,0.0,0.0,0.6,0.0,0.0,0.0,0.0,0.0,0.0,0.6,0.6,0.6,0.6
0.6800000000000003,0.23400000000000007,0.0,0.0,0.6,0.0,0.0,0.0,0.0,0.0,0.0,0.6,0.6,0.6,0.6
0.7000000000000003,0.24600000000000008,0.0,0.0,0.6,0.0,0.0,0.0,0.0,0.0,0.0,0.6,0.6,0.6,0.6
0.7200000000000003,0.25800000000000006,0.0,0.0,0.6,0.0,0.0,0.0,0.0,0.0,0.0,0.6,0.6,0.6,0.6
0.7400000000000003,0.2700000000000001,0.0,0.0,0.6,0.0,0.0,0.0,0.0,0.0,0.0,0.6,0.6,0.6,0.6
0.7600000000000003,0.2820000000000001,0.0,0.0,0.6,0.0,0.0,0.0,0.0,0.0,0.0,0.6,0.6,0.6,0.6
0.7800000000000004,0.2940000000000001,0.0,0.0,0.6,0.0,0.0,0.0,0.0,0.0,0.0,0.6,0.6,0.6,0.6
0.8000000000000004,0.3060000000000001,0.0,0.0,0.6,0.0,0.0,0.0,0.0,0.0,0.0,0.6,0.6,0.6,0.6
0.8200000000000004,0.3180000000000001,0.0,0.0,0.6,0.0,0.0,0.0,0.0,0.0,0.0,0.6,0.6,0.6,0.6
0.8400000000000004,0.3300000000000001,0.0,0.0,0.6,0.0,0.0,0.0,0.0,0.0,0.0,0.6,0.6,0.6,0.6
0.8600000000000004,0.34200000000000014,0.0,0.0,0.6,0.0,0.0,0.0,0.0,0.0,0.0,0.6,0.6,0.6,0.6
0.8800000000000004,0.35400000000000015,0.0,0.0,0.6,0.0,0.0,0.0,0.0,0.0,0.0,0.6,0.6,0.6,0.6
0.9000000000000005,0.36600000000000016,0.0,0.0,0.6,0.0,0.0,0.0,0.0,0.0,0.0,0.6,0.6,0.6,0.6
0.9200000000000005,0.37800000000000017,0.0,0.0,0.6,0.0,0.0,0.0,0.0,0.0,0.0,0.6,0.6,0.6,0.6
0.9400000000000005,0.3900000000000002,0.0,0.0,0.6,0.0,0.0,0.0,0.0,0.0,0.0,0.6,0.6,0.6,0.6
0.9600000000000005,0.4020000000000002,0.0,0.0,0.6,0.0,0.0,0.0,0.0,0.0,0.0,0.6,0.6,0.6,0.6
0.9800000000000005,0.4140000000000002,0.0,0.0,0.6,0.0,0.0,0.0,0.0,0.0,0.0,0.6,0.6,0.6,0.6
1.0000000000000004,0.4260000000000002,0.0,0.0,0.6,0.0,0.0,0.0,0.0,0.0,0.0,0.6,0.6,0.6,0.6
1.0200000000000005,0.4380000000000002,0.0,0.0,0.6,0.0,0.0,0.0,0.0,0.0,0.0,0.6,0.6,0.6,0.6
1.0400000000000005,0.45000000000000023,0.0,0.0,0.6,0.0,0.0,0.0,0.0,0.0,0.0,0.6,0.6,0.6,0.6
1.0600000000000005,0.46200000000000024,0.0,0.0,0.6,0.0,0.0,0.0,0.0,0.0,0.0,0.6,0.6,0.6,0.6
1.0800000000000005,0.47400000000000025,0.0,0.0,0.6,0.0,0.0,0.0,0.0,0.0,0.0,0.6,0.6,0.6,0.6
1.1000000000000005,0.48600000000000027,0.0,0.0,0.6,0.0,0.0,0.0,0.0,0.0,0.0,0.6,0.6,0.6,0.6
1.1200000000000006,0.4980000000000003,0.0,0.0,0.6,0.0,0.0,0.0,0.0,0.0,0.0,0.6,0.6,0.6,0.6
1.1400000000000006,0.5100000000000002,0.0,0.0,0.6,0.0,0.0,0.0,0.0,0.0,0.0,0.6,0.6,0.6,0.6
1.1600000000000006,0.5220000000000002,0.0,0.0,0.6,0.0,0.0,0.0,0.0,0.0,0.0,0.6,0.6,0.6,0.6
1.1800000000000006,0.5340000000000003,0.0,0.0,0.6,0.0,0.0,0.0,0.0,0.0,0.0,0.6,0.6,0.6,0.6
1.2000000000000006,0.5460000000000003,0.0,0.0,0.6,0.0,0.0,0.0,0.0,0.0,0.0,0.6,0.6,0.6,0.6
1.2200000000000006,0.5580000000000003,0.0,0.0,0.6,0.0,0.0,0.0,0.0,0.0,0.0,0.6,0.6,0.6,0.6
1.2400000000000007,0.5700000000000003,0.0,0.0,0.6,0.0,0.0,0.0,0.0,0.0,0.0,0.6,0.6,0.6,0.6
1.2600000000000007,0.5820000000000003,0.0,0.0,0.6,0.0,0.0,0.0,0.0,0.0,0.0,0.6,0.6,0.6,0.6
1.2800000000000007,0.5940000000000003,0.0,0.0,0.6,0.0,0.0,0.0,0.0,0.0,0.0,0.6,0.6,0.6,0.6
1.3000000000000007,0.6060000000000003,0.0,0.0,0.6,0.0,0.0,0.0,0.0,0.0,0.0,0.6,0.6,0.6,0.6
1.3200000000000007,0.6180000000000003,0.0,0.0,0.6,0.0,0.0,0.0,0.0,0.0,0.0,0.6,0.6,0.6,0.6
1.3400000000000007,0.6300000000000003,0.0,0.0,0.6,0.0,0.0,0.0,0.0,0.0,0.0,0.6,0.6,0.6,0.6
1.3600000000000008,0.6420000000000003,0.0,0.0,0.6,0.0,0.0,0.0,0.0,0.0,0.0,0.6,0.6,0.6,0.6
1.3800000000000008,0.6540000000000004,0.0,0.0,0.6,0.0,0.0,0.0,0.0,0.0,0.0,0.6,0.6,0.6,0.6
1.4000000000000008,0.6660000000000004,0.0,0.0,0.6,0.0,0.0,0.0,0.0,0.0,0.0,0.6,0.6,0.6,0.6
1.4200000000000008,0.6780000000000004,0.0,0.0,0.6,0.0,0.0,0.0,0.0,0.0,0.0,0.6,0.6,0.6,0.6
1.4400000000000008,0.6900000000000004,0.0,0.0,0.6,0.0,0.0,0.0,0.0,0.0,0.0,0.6,0.6,0.6,0.6
1.4600000000000009,0.7020000000000004,0.0,0.0,0.6,0.0,0.0,0.0,0.0,0.0,0.0,0.6,0.6,0.6,0.6
1.4800000000000009,0.7140000000000004,0.0,0.0,0.6,0.0,0.0,0.0,0.0,0.0,0.0,0.6,0.6,0.6,0.6
1.5000000000000009,0.7260000000000004,0.0,0.0,0.6,0.0,0.0,0.0,0.0,0.0,0.0,0.6,0.6,0.6,0.6
1.520000000000001,0.7380000000000004,0.0,0.0,0.6,0.0,0.0,0.0,0.0,0.0,0.0,0.6,0.6,0.6,0.6
1.540000000000001,0.7500000000000004,0.0,0.0,0.6,0.0,0.0,0.0,0.0,0.0,0.0,0.6,0.6,0.6,0.6
1.560000000000001,0.7620000000000005,0.0,0.0,0.6,0.0,0.0,0.0,0.0,0.0,0.0,0.6,0.6,0.6,0.6
1.580000000000001,0.7740000000000005,0.0,0.0,0.6,0.0,0.0,0.0,0.0,0.0,0.0,0.6,0.6,0.6,0.6
1.600000000000001,0.7860000000000005,0.0,0.0,0.6,0.0,0.0,0.0,0.0,0.0,0.0,0.6,0.6,0.6,0.6
1.620000000000001,0.7980000000000005,0.0,0.0,0.6,0.0,0.0,0.0,0.0,0.0,0.0,0.6,0.6,0.6,0.6
1.640000000000001,0.8100000000000005,0.0,0.0,0.6,0.0,0.0,0.0,0.0,0.0,0.0,0.6,0.6,0.6,0.6
1.660000000000001,0.8220000000000005,0.0,0.0,0.6,0.0,0.0,0.0,0.0,0.0,0.0,0.6,0.6,0.6,0.6
1.680000000000001,0.8340000000000005,0.0,0.0,0.6,0.0,0.0,0.0,0.0,0.0,0.0,0.6,0.6,0.6,0.6
1.700000000000001,0.8460000000000005,0.0,0.0,0.6,0.0,0.0,0.0,0.0,0.0,0.0,0.6,0.6,0.6,0.6
1.720000000000001,0.8580000000000005,0.0,0.0,0.6,0.0,0.0,0.0,0.0,0.0,0.0,0.6,0.6,0.6,0.6
1.740000000000001,0.8700000000000006,0.0,0.0,0.6,0.0,0.0,0.0,0.0,0.0,0.0,0.6,0.6,0.6,0.6
1.7600000000000011,0.8820000000000006,0.0,0.0,0.6,0.0,0.0,0.0,0.0,0.0,0.0,0.6,0.6,0.6,0.6
1.7800000000000011,0.8940000000000006,0.0,0.0,0.6,0.0,0.0,0.0,0.0,0.0,0.0,0.6,0.6,0.6,0.6
1.8000000000000012,0.9060000000000006,0.0,0.0,0.6,0.0,0.0,0.0,0.0,0.0,0.0,0.6,0.6,0.6,0.6
1.8200000000000012,0.9180000000000006,0.0,0.0,0.6,0.0,0.0,0.0,0.0,0.0,0.0,0.6,0.6,0.6,0.6
1.8400000000000012,0.9300000000000006,0.0,0.0,0.6,0.0,0.0,0.0,0.0,0.0,0.0,0.6,0.6,0.6,0.6
1.8600000000000012,0.9420000000000006,0.0,0.0,0.6,0.0,0.0,0.0,0.0,0.0,0.0,0.6,0.6,0.6,0.6
1.8800000000000012,0.9540000000000006,0.0,0.0,0.6,0.0,0.0,0.0,0.0,0.0,0.0,0.6,0.6,0.6,0.6
1.9000000000000012,0.9660000000000006,0.0,0.0,0.6,0.0,0.0,0.0,0.0,0.0,0.0,0.6,0.6,0.6,0.6
1.9200000000000013,0.9780000000000006,0.0,0.0,0.6,0.0,0.0,0.0,0.0,0.0,0.0,0.6,0.6,0.6,0.6
1.9400000000000013,0.9900000000000007,0.0,0.0,0.6,0.0,0.0,0.0,0.0,0.0,0.0,0.6,0.6,0.6,0.6
1.9600000000000013,1.0020000000000007,0.0,0.0,0.6,0.0,0.0,0.0,0.0,0.0,0.0,0.6,0.6,0.6,0.6
1.9800000000000013,1.0140000000000007,0.0,0.0,0.6,0.0,0.0,0.0,0.0,0.0,0.0,0.6,0.6,0.6,0.6
2.0000000000000013,1.0260000000000007,0.0,0.0,0.6,0.0,0.0,0.0,0.0,0.0,0.0,0.6,0.6,0.6,0.6
2.0200000000000014,1.0380000000000007,0.0,0.0,0.6,0.0,0.0,0.0,0.0,0.0,0.0,0.6,0.6,0.6,0.6
2.0400000000000014,1.0500000000000007,0.0,0.0,0.6,0.0,0.0,0.0,0.0,0.0,0.0,0.6,0.6,0.6,0.6
2.0600000000000014,1.0620000000000007,0.0,0.0,0.6,0.0,0.0,0.0,0.0,0.0,0.0,0.6,0.6,0.6,0.6
2.0800000000000014,1.0740000000000007,0.0,0.0,0.6,0.0,0.0,0.0,0.0,0.0,0.0,0.6,0.6,0.6,0.6
2.1000000000000014,1.0860000000000007,0.0,0.0,0.6,0.0,0.0,0.0,0.0,0.0,0.0,0.6,0.6,0.6,0.6
2.1200000000000014,1.0980000000000008,0.0,0.0,0.6,0.0,0.0,0.0,0.0,0.0,0.0,0.6,0.6,0.6,0.6
2.1400000000000015,1.1100000000000008,0.0,0.0,0.6,0.0,0.0,0.0,0.0,0.0,0.0,0.6,0.6,0.6,0.6
2.1600000000000015,1.1220000000000008,0.0,0.0,0.6,0.0,0.0,0.0,0.0,0.0,0.0,0.6,0.6,0.6,0.6
2.1800000000000015,1.1340000000000008,0.0,0.0,0.6,0.0,0.0,0.0,0.0,0.0,0.0,0.6,0.6,0.6,0.6
2.2000000000000015,1.1460000000000008,0.0,0.0,0.6,0.0,0.0,0.0,0.0,0.0,0.0,0.6,0.6,0.6,0.6
2.2200000000000015,1.1580000000000008,0.0,0.0,0.6,0.0,0.0,0.0,0.0,0.0,0.0,0.6,0.6,0.6,0.6
2.2400000000000015,1.1700000000000008,0.0,0.0,0.6,0.0,0.0,0.0,0.0,0.0,0.0,0.6,0.6,0.6,0.6
2.2600000000000016,1.1820000000000008,0.0,0.0,0.6,0.0,0.0,0.0,0.0,0.0,0.0,0.6,0.6,0.6,0.6
2.2800000000000016,1.1940000000000008,0.0,0.0,0.6,0.0,0.0,0.0,0.0,0.0,0.0,0.6,0.6,0.6,0.6
2.3000000000000016,1.2060000000000008,0.0,0.0,0.6,0.0,0.0,0.0,0.0,0.0,0.0,0.6,0.6,0.6,0.6
2.3200000000000016,1.2180000000000009,0.0,0.0,0.6,0.0,0.0,0.0,0.0,0.0,0.0,0.6,0.6,0.6,0.6
2.3400000000000016,1.2300000000000009,0.0,0.0,0.6,0.0,0.0,0.0,0.0,0.0,0.0,0.6,0.6,0.6,0.6
2.3600000000000017,1.2420000000000009,0.0,0.0,0.6,0.0,0.0,0.0,0.0,0.0,0.0,0.6,0.6,0.6,0.6
2.3800000000000017,1.254000000000001,0.0,0.0,0.6,0.0,0.0,0.0,0.0,0.0,0.0,0.6,0.6,0.6,0.6
2.4000000000000017,1.266000000000001,0.0,0.0,0.6,0.0,0.0,0.0,0.0,0.0,0.0,0.6,0.6,0.6,0.6
2.4200000000000017,1.278000000000001,0.0,0.0,0.6,0.0,0.0,0.0,0.0,0.0,0.0,0.6,0.6,0.6,0.6
2.4400000000000017,1.290000000000001,0.0,0.0,0.6,0.0,0.0,0.0,0.0,0.0,0.0,0.6,0.6,0.6,0.6
2.4600000000000017,1.302000000000001,0.0,0.0,0.6,0.0,0.0,0.0,0.0,0.0,0.0,0.6,0.6,0.6,0.6
2.4800000000000018,1.314000000000001,0.0,0.0,0.6,0.0,0.0,0.0,0.0,0.0,0.0,0.6,0.6,0.6,0.6
2.5000000000000018,1.326000000000001,0.0,0.0,0.6,0.0,0.0,0.0,0.0,0.0,0.0,0.6,0.6,0.6,0.6
2.520000000000002,1.338000000000001,0.0,0.0,0.6,0.0,0.0,0.0,0.0,0.0,0.0,0.6,0.6,0.6,0.6
2.540000000000002,1.350000000000001,0.0,0.0,0.6,0.0,0.0,0.0,0.0,0.0,0.0,0.6,0.6,0.6,0.6
2.560000000000002,1.362000000000001,0.0,0.0,0.6,0.0,0.0,0.0,0.0,0.0,0.0,0.6,0.6,0.6,0.6
2.580000000000002,1.374000000000001,0.0,0.0,0.6,0.0,0.0,0.0,0.0,0.0,0.0,0.6,0.6,0.6,0.6
2.600000000000002,1.386000000000001,0.0,0.0,0.6,0.0,0.0,0.0,0.0,0.0,0.0,0.6,0.6,0.6,0.6
2.620000000000002,1.398000000000001,0.0,0.0,0.6,0.0,0.0,0.0,0.0,0.0,0.0,0.6,0.6,0.6,0.6
2.640000000000002,1.410000000000001,0.0,0.0,0.6,0.0,0.0,0.0,0.0,0.0,0.0,0.6,0.6,0.6,0.6
2.660000000000002,1.422000000000001,0.0,0.0,0.6,0.0,0.0,0.0,0.0,0.0,0.0,0.6,0.6,0.6,0.6
2.680000000000002,1.434000000000001,0.0,0.0,0.6,0.0,0.0,0.0,0.0,0.0,0.0,0.6,0.6,0.6,0.6
2.700000000000002,1.446000000000001,0.0,0.0,0.6,0.0,0.0,0.0,0.0,0.0,0.0,0.6,0.6,0.6,0.6
2.720000000000002,1.458000000000001,0.0,0.0,0.6,0.0,0.0,0.0,0.0,0.0,0.0,0.6,0.6,0.6,0.6
2.740000000000002,1.470000000000001,0.0,0.0,0.6,0.0,0.0,0.0,0.0,0.0,0.0,0.6,0.6,0.6,0.6
2.760000000000002,1.482000000000001,0.0,0.0,0.6,0.0,0.0,0.0,0.0,0.0,0.0,0.6,0.6,0.6,0.6
2.780000000000002,1.494000000000001,0.0,0.0,0.6,0.0,0.0,0.0,0.0,0.0,0.0,0.6,0.6,0.6,0.6
2.800000000000002,1.5060000000000011,0.0,0.0,0.6,0.0,0.0,0.0,0.0,0.0,0.0,0.6,0.6,0.6,0.6
2.820000000000002,1.5180000000000011,0.0,0.0,0.6,0.0,0.0,0.0,0.0,0.0,0.0,0.6,0.6,0.6,0.6
2.840000000000002,1.5300000000000011,0.0,0.0,0.6,0.0,0.0,0.0,0.0,0.0,0.0,0.6,0.6,0.6,0.6
2.860000000000002,1.5420000000000011,0.0,0.0,0.6,0.0,0.0,0.0,0.0,0.0,0.0,0.6,0.6,0.6,0.6
2.880000000000002,1.5540000000000012,0.0,0.0,0.6,0.0,0.0,0.0,0.0,0.0,0.0,0.6,0.6,0.6,0.6
2.900000000000002,1.5660000000000012,0.0,0.0,0.6,0.0,0.0,0.0,0.0,0.0,0.0,0.6,0.6,0.6,0.6
2.920000000000002,1.5780000000000012,0.0,0.0,0.6,0.0,0.0,0.0,0.0,0.0,0.0,0.6,0.6,0.6,0.6
2.940000000000002,1.5900000000000012,0.0,0.0,0.6,0.0,0.0,0.0,0.0,0.0,0.0,0.6,0.6,0.6,0.6
2.960000000000002,1.6020000000000012,0.0,0.0,0.6,0.0,0.0,0.0,0.0,0.0,0.0,0.6,0.6,0.6,0.6
2.980000000000002,1.6140000000000012,0.0,0.0,0.6,0.0,0.0,0.0,0.0,0.0,0.0,0.6,0.6,0.6,0.6
3.000000000000002,1.6260000000000012,0.0,0.0,0.6,0.0,0.0,0.0,0.0,0.0,0.0,0.6,0.6,0.6,0.6
3.0200000000000022,1.6380000000000012,0.0,0.0,0.6,0.0,0.0,0.0,0.0,0.0,0.0,0.6,0.6,0.6,0.6
3.0400000000000023,1.6500000000000012,0.0,0.0,0.6,0.0,0.0,0.0,0.0,0.0,0.0,0.6,0.6,0.6,0.6
3.0600000000000023,1.6620000000000013,0.0,0.0,0.6,0.0,0.0,0.0,0.0,0.0,0.0,0.6,0.6,0.6,0.6
3.0800000000000023,1.6740000000000013,0.0,0.0,0.6,0.0,0.0,0.0,0.0,0.0,0.0,0.6,0.6,0.6,0.6
3.1000000000000023,1.6860000000000013,0.0,0.0,0.6,0.0,0.0,0.0,0.0,0.0,0.0,0.6,0.6,0.6,0.6
3.1200000000000023,1.6980000000000013,0.0,0.0,0.6,0.0,0.0,0.0,0.0,0.0,0.0,0.6,0.6,0.6,0.6
3.1400000000000023,1.7100000000000013,0.0,0.0,0.6,0.0,0.0,0.0,0.0,0.0,0.0,0.6,0.6,0.6,0.6
3.1600000000000024,1.7220000000000013,0.0,0.0,0.6,0.0,0.0,0.0,0.0,0.0,0.0,0.6,0.6,0.6,0.6
3.1800000000000024,1.7340000000000013,0.0,0.0,0.6,0.0,0.0,0.0,0.0,0.0,0.0,0.6,0.6,0.6,0.6
3.2000000000000024,1.7460000000000013,0.0,0.0,0.6,0.0,0.0,0.0,0.0,0.0,0.0,0.6,0.6,0.6,0.6
3.2200000000000024,1.7580000000000013,0.0,0.0,0.6,0.0,0.0,0.0,0.0,0.0,0.0,0.6,0.6,0.6,0.6
3.2400000000000024,1.7700000000000014,0.0,0.0,0.6,0.0,0.0,0.0,0.0,0.0,0.0,0.6,0.6,0.6,0.6
3.2600000000000025,1.7820000000000014,0.0,0.0,0.6,0.0,0.0,0.0,0.0,0.0,0.0,0.6,0.6,0.6,0.6
3.2800000000000025,1.7940000000000014,0.0,0.0,0.6,0.0,0.0,0.0,0.0,0.0,0.0,0.6,0.6,0.6,0.6
3.3000000000000025,1.8060000000000014,0.0,0.0,0.6,0.0,0.0,0.0,0.0,0.0,0.0,0.6,0.6,0.6,0.6
3.3200000000000025,1.8180000000000014,0.0,0.0,0.6,0.0,0.0,0.0,0.0,0.0,0.0,0.6,0.6,0.6,0.6
3.3400000000000025,1.8300000000000014,0.0,0.0,0.6,0.0,0.0,0.0,0.0,0.0,0.0,0.6,0.6,0.6,0.6
3.3600000000000025,1.8420000000000014,0.0,0.0,0.6,0.0,0.0,0.0,0.0,0.0,0.0,0.6,0.6,0.6,0.6
3.3800000000000026,1.8540000000000014,0.0,0.0,0.6,0.0,0.0,0.0,0.0,0.0,0.0,0.6,0.6,0.6,0.6
3.4000000000000026,1.8660000000000014,0.0,0.0,0.6,0.0,0.0,0.0,0.0,0.0,0.0,0.6,0.6,0.6,0.6
3.4200000000000026,1.8780000000000014,0.0,0.0,0.6,0.0,0.0,0.0,0.0,0.0,0.0,0.6,0.6,0.6,0.6
3.4400000000000026,1.8900000000000015,0.0,0.0,0.6,0.0,0.0,0.0,0.0,0.0,0.0,0.6,0.6,0.6,0.6
3.4600000000000026,1.9020000000000015,0.0,0.0,0.6,0.0,0.0,0.0,0.0,0.0,0.0,0.6,0.6,0.6,0.6
3.4800000000000026,1.9140000000000015,0.0,0.0,0.6,0.0,0.0,0.0,0.0,0.0,0.0,0.6,0.6,0.6,0.6
3.5000000000000027,1.9260000000000015,0.0,0.0,0.6,0.0,0.0,0.0,0.0,0.0,0.0,0.6,0.6,0.6,0.6
3.5200000000000027,1.9380000000000015,0.0,0.0,0.6,0.0,0.0,0.0,0.0,0.0,0.0,0.6,0.6,0.6,0.6
3.5400000000000027,1.9500000000000015,0.0,0.0,0.6,0.0,0.0,0.0,0.0,0.0,0.0,0.6,0.6,0.6,0.6
3.5600000000000027,1.9620000000000015,0.0,0.0,0.6,0.0,0.0,0.0,0.0,0.0,0.0,0.6,0.6,0.6,0.6
3.5800000000000027,1.9740000000000015,0.0,0.0,0.6,0.0,0.0,0.0,0.0,0.0,0.0,0.6,0.6,0.6,0.6
3.6000000000000028,1.9860000000000015,0.0,0.0,0.6,0.0,0.0,0.0,0.0,0.0,0.0,0.6,0.6,0.6,0.6
3.6200000000000028,1.9980000000000016,0.0,0.0,0.6,0.0,0.0,0.0,0.0,0.0,0.0,0.6,0.6,0.6,0.6
3.640000000000003,2.0100000000000016,0.0,0.0,0.6,0.0,0.0,0.0,0.0,0.0,0.0,0.6,0.6,0.6,0.6
3.660000000000003,2.0220000000000016,0.0,0.0,0.6,0.0,0.0,0.0,0.0,0.0,0.0,0.6,0.6,0.6,0.6
3.680000000000003,2.0340000000000016,0.0,0.0,0.6,0.0,0.0,0.0,0.0,0.0,0.0,0.6,0.6,0.6,0.6
3.700000000000003,2.0460000000000016,0.0,0.0,0.6,0.0,0.0,0.0,0.0,0.0,0.0,0.6,0.6,0.6,0.6
3.720000000000003,2.0580000000000016,0.0,0.0,0.6,0.0,0.0,0.0,0.0,0.0,0.0,0.6,0.6,0.6,0.6
3.740000000000003,2.0700000000000016,0.0,0.0,0.6,0.0,0.0,0.0,0.0,0.0,0.0,0.6,0.6,0.6,0.6
3.760000000000003,2.0820000000000016,0.0,0.0,0.6,0.0,0.0,0.0,0.0,0.0,0.0,0.6,0.6,0.6,0.6
3.780000000000003,2.0940000000000016,0.0,0.0,0.6,0.0,0.0,0.0,0.0,0.0,0.0,0.6,0.6,0.6,0.6
3.800000000000003,2.1060000000000016,0.0,0.0,0.6,0.0,0.0,0.0,0.0,0.0,0.0,0.6,0.6,0.6,0.6
3.820000000000003,2.1180000000000017,0.0,0.0,0.6,0.0,0.0,0.0,0.0,0.0,0.0,0.6,0.6,0.6,0.6
3.840000000000003,2.1300000000000017,0.0,0.0,0.6,0.0,0.0,0.0,0.0,0.0,0.0,0.6,0.6,0.6,0.6
3.860000000000003,2.1420000000000017,0.0,0.0,0.6,0.0,0.0,0.0,0.0,0.0,0.0,0.6,0.6,0.6,0.6
3.880000000000003,2.1540000000000017,0.0,0.0,0.6,0.0,0.0,0.0,0.0,0.0,0.0,0.6,0.6,0.6,0.6
3.900000000000003,2.1660000000000017,0.0,0.0,0.6,0.0,0.0,0.0,0.0,0.0,0.0,0.6,0.6,0.6,0.6
3.920000000000003,2.1780000000000017,0.0,0.0,0.6,0.0,0.0,0.0,0.0,0.0,0.0,0.6,0.6,0.6,0.6
3.940000000000003,2.1900000000000017,0.0,0.0,0.6,0.0,0.0,0.0,0.0,0.0,0.0,0.6,0.6,0.6,0.6
3.960000000000003,2.2020000000000017,0.0,0.0,0.6,0.0,0.0,0.0,0.0,0.0,0.0,0.6,0.6,0.6,0.6
3.980000000000003,2.2140000000000017,0.0,0.0,0.6,0.0,0.0,0.0,0.0,0.0,0.0,0.6,0.6,0.6,0.6
4.000000000000003,2.2260000000000018,0.0,0.0,0.6,0.0,0.0,0.0,0.0,0.0,0.0,0.6,0.6,0.6,0.6
4.020000000000002,2.237600000000002,0.0,0.0,0.58,0.0,0.0,0.0,0.0,0.0,0.0,0.58,0.58,0.58,0.58
4.040000000000002,2.248800000000002,0.0,0.0,0.5599999999999999,0.0,0.0,0.0,0.0,0.0,0.0,0.5599999999999999,0.5599999999999999,0.5599999999999999,0.5599999999999999
4.060000000000001,2.259600000000002,0.0,0.0,0.5399999999999999,0.0,0.0,0.0,0.0,0.0,0.0,0.5399999999999999,0.5399999999999999,0.5399999999999999,0.5399999999999999
4.080000000000001,2.2700000000000022,0.0,0.0,0.5199999999999999,0.0,0.0,0.0,0.0,0.0,0.0,0.5199999999999999,0.5199999999999999,0.5199999999999999,0.5199999999999999
4.1000000000000005,2.280000000000002,0.0,0.0,0.49999999999999994,0.0,0.0,0.0,0.0,0.0,0.0,0.49999999999999994,0.49999999999999994,0.49999999999999994,0.49999999999999994
4.12,2.289600000000002,0.0,0.0,0.4799999999999999,0.0,0.0,0.0,0.0,0.0,0.0,0.4799999999999999,0.4799999999999999,0.4799999999999999,0.4799999999999999
4.14,2.2988000000000017,0.0,0.0,0.45999999999999996,0.0,0.0,0.0,0.0,0.0,0.0,0.45999999999999996,0.45999999999999996,0.45999999999999996,0.45999999999999996
4.159999999999999,2.3076000000000016,0.0,0.0,0.44,0.0,0.0,0.0,0.0,0.0,0.0,0.44,0.44,0.44,0.44
4.179999999999999,2.3160000000000016,0.0,0.0,0.42000000000000004,0.0,0.0,0.0,0.0,0.0,0.0,0.42000000000000004,0.42000000000000004,0.42000000000000004,0.42000000000000004
4.199999999999998,2.3240000000000016,0.0,0.0,0.4,0.0,0.0,0.0,0.0,0.0,0.0,0.4,0.4,0.4,0.4
4.219999999999998,2.3316000000000017,0.0,0.0,0.38,0.0,0.0,0.0,0.0,0.0,0.0,0.38,0.38,0.38,0.38
4.2399999999999975,2.3388000000000018,0.0,0.0,0.36000000000000004,0.0,0.0,0.0,0.0,0.0,0.0,0.36000000000000004,0.36000000000000004,0.36000000000000004,0.36000000000000004
4.259999999999997,2.345600000000002,0.0,0.0,0.34,0.0,0.0,0.0,0.0,0.0,0.0,0.34,0.34,0.34,0.34
4.279999999999997,2.352000000000002,0.0,0.0,0.32,0.0,0.0,0.0,0.0,0.0,0.0,0.32,0.32,0.32,0.32
4.299999999999996,2.358000000000002,0.0,0.0,0.3,0.0,0.0,0.0,0.0,0.0,0.0,0.3,0.3,0.3,0.3
4.319999999999996,2.3636000000000017,0.0,0.0,0.27999999999999997,0.0,0.0,0.0,0.0,0.0,0.0,0.27999999999999997,0.27999999999999997,0.27999999999999997,0.27999999999999997
4.339999999999995,2.3688000000000016,0.0,0.0,0.26,0.0,0.0,0.0,0.0,0.0,0.0,0.26,0.26,0.26,0.26
4.359999999999995,2.3736000000000015,0.0,0.0,0.24000000000000002,0.0,0.0,0.0,0.0,0.0,0.0,0.24000000000000002,0.24000000000000002,0.24000000000000002,0.24000000000000002
4.379999999999995,2.3780000000000014,0.0,0.0,0.22,0.0,0.0,0.0,0.0,0.0,0.0,0.22,0.22,0.22,0.22
4.399999999999994,2.3820000000000014,0.0,0.0,0.19999999999999998,0.0,0.0,0.0,0.0,0.0,0.0,0.19999999999999998,0.19999999999999998,0.19999999999999998,0.19999999999999998
4.419999999999994,2.3856000000000015,0.0,0.0,0.18,0.0,0.0,0.0,0.0,0.0,0.0,0.18,0.18,0.18,0.18
4.439999999999993,2.3888000000000016,0.0,0.0,0.15999999999999998,0.0,0.0,0.0,0.0,0.0,0.0,0.15999999999999998,0.15999999999999998,0.15999999999999998,0.15999999999999998
4.459999999999993,2.3916000000000017,0.0,0.0,0.13999999999999999,0.0,0.0,0.0,0.0,0.0,0.0,0.13999999999999999,0.13999999999999999,0.13999999999999999,0.13999999999999999
4.479999999999992,2.394000000000002,0.0,0.0,0.11999999999999998,0.0,0.0,0.0,0.0,0.0,0.0,0.11999999999999998,0.11999999999999998,0.11999999999999998,0.11999999999999998
4.499999999999992,2.3960000000000017,0.0,0.0,0.09999999999999998,0.0,0.0,0.0,0.0,0.0,0.0,0.09999999999999998,0.09999999999999998,0.09999999999999998,0.09999999999999998
4.519999999999992,2.3976000000000015,0.0,0.0,0.07999999999999997,0.0,0.0,0.0,0.0,0.0,0.0,0.07999999999999997,0.07999999999999997,0.07999999999999997,0.07999999999999997
4.539999999999991,2.3988000000000014,0.0,0.0,0.05999999999999997,0.0,0.0,0.0,0.0,0.0,0.0,0.05999999999999997,0.05999999999999997,0.05999999999999997,0.05999999999999997
4.559999999999991,2.3996000000000013,0.0,0.0,0.03999999999999997,0.0,0.0,0.0,0.0,0.0,0.0,0.03999999999999997,0.03999999999999997,0.03999999999999997,0.03999999999999997
4.57999999999999,2.4000000000000012,0.0,0.0,0.019999999999999973,0.0,0.0,0.0,0.0,0.0,0.0,0.019999999999999973,0.019999999999999973,0.019999999999999973,0.019999999999999973
4.59999999999999,2.4000000000000012,0.0,0.0,0.0,0.0,0.0,0.031415926535897934,0.031415926535897934,0.031415926535897934,0.031415926535897934,0.0,0.0,0.0,0.0
4.6199999999999894,2.4000000000000012,0.0,0.0,0.0,0.0,0.0,0.06283185307179587,0.06283185307179587,0.06283185307179587,0.06283185307179587,0.0,0.0,0.0,0.0
4.639999999999989,2.4000000000000012,0.0,0.0,0.0,0.0,0.0,0.0942477796076938,0.0942477796076938,0.0942477796076938,0.0942477796076938,0.0,0.0,0.0,0.0
4.659999999999989,2.4000000000000012,0.0,0.0,0.0,0.0,0.0,0.12566370614359174,0.12566370614359174,0.12566370614359174,0.12566370614359174,0.0,0.0,0.0,0.0
4.679999999999988,2.4000000000000012,0.0,0.0,0.0,0.0,0.0,0.15707963267948966,0.15707963267948966,0.15707963267948966,0.15707963267948966,0.0,0.0,0.0,0.0
4.699999999999988,2.4000000000000012,0.0,0.0,0.0,0.0,0.0,0.18849555921538758,0.18849555921538758,0.18849555921538758,0.18849555921538758,0.0,0.0,0.0,0.0
4.719999999999987,2.4000000000000012,0.0,0.0,0.0,0.0,0.0,0.2199114857512855,0.2199114857512855,0.2199114857512855,0.2199114857512855,0.0,0.0,0.0,0.0
4.739999999999987,2.4000000000000012,0.0,0.0,0.0,0.0,0.0,0.2513274122871834,0.2513274122871834,0.2513274122871834,0.2513274122871834,0.0,0.0,0.0,0.0
4.7599999999999865,2.4000000000000012,0.0,0.0,0.0,0.0,0.0,0.28274333882308134,0.28274333882308134,0.28274333882308134,0.28274333882308134,0.0,0.0,0.0,0.0
4.779999999999986,2.4000000000000012,0.0,0.0,0.0,0.0,0.0,0.31415926535897926,0.31415926535897926,0.31415926535897926,0.31415926535897926,0.0,0.0,0.0,0.0
4.799999999999986,2.4000000000000012,0.0,0.0,0.0,0.0,0.0,0.3455751918948772,0.3455751918948772,0.3455751918948772,0.3455751918948772,0.0,0.0,0.0,0.0
4.819999999999985,2.4000000000000012,0.0,0.0,0.0,0.0,0.0,0.3769911184307751,0.3769911184307751,0.3769911184307751,0.3769911184307751,0.0,0.0,0.0,0.0
4.839999999999985,2.4000000000000012,0.0,0.0,0.0,0.0,0.0,0.408407044966673,0.408407044966673,0.408407044966673,0.408407044966673,0.0,0.0,0.0,0.0
4.859999999999984,2.4000000000000012,0.0,0.0,0.0,0.0,0.0,0.43982297150257094,0.43982297150257094,0.43982297150257094,0.43982297150257094,0.0,0.0,0.0,0.0
4.879999999999984,2.4000000000000012,0.0,0.0,0.0,0.0,0.0,0.47123889803846886,0.47123889803846886,0.47123889803846886,0.47123889803846886,0.0,0.0,0.0,0.0
4.8999999999999835,2.4000000000000012,0.0,0.0,0.0,0.0,0.0,0.5026548245743668,0.5026548245743668,0.5026548245743668,0.5026548245743668,0.0,0.0,0.0,0.0
4.919999999999983,2.4000000000000012,0.0,0.0,0.0,0.0,0.0,0.5340707511102648,0.5340707511102648,0.5340707511102648,0.5340707511102648,0.0,0.0,0.0,0.0
4.939999999999983,2.4000000000000012,0.0,0.0,0.0,0.0,0.0,0.5654866776461628,0.5654866776461628,0.5654866776461628,0.5654866776461628,0.0,0.0,0.0,0.0
4.959999999999982,2.4000000000000012,0.0,0.0,0.0,0.0,0.0,0.5969026041820608,0.5969026041820608,0.5969026041820608,0.5969026041820608,0.0,0.0,0.0,0.0
4.979999999999982,2.4000000000000012,0.0,0.0,0.0,0.0,0.0,0.6283185307179587,0.6283185307179587,0.6283185307179587,0.6283185307179587,0.0,0.0,0.0,0.0
4.999999999999981,2.4000000000000012,0.0,0.0,0.0,0.0,0.0,0.6597344572538567,0.6597344572538567,0.6597344572538567,0.6597344572538567,0.0,0.0,0.0,0.0
5.019999999999981,2.4000000000000012,0.0,0.0,0.0,0.0,0.0,0.6911503837897547,0.6911503837897547,0.6911503837897547,0.6911503837897547,0.0,0.0,0.0,0.0
5.0399999999999805,2.4000000000000012,0.0,0.0,0.0,0.0,0.0,0.7225663103256527,0.7225663103256527,0.7225663103256527,0.7225663103256527,0.0,0.0,0.0,0.0
5.05999999999998,2.4000000000000012,0.0,0.0,0.0,0.0,0.0,0.7539822368615506,0.7539822368615506,0.7539822368615506,0.7539822368615506,0.0,0.0,0.0,0.0
5.07999999999998,2.4000000000000012,0.0,0.0,0.0,0.0,0.0,0.7853981633974486,0.7853981633974486,0.7853981633974486,0.7853981633974486,0.0,0.0,0.0,0.0
5.099999999999979,2.4000000000000012,0.0,0.0,0.0,0.0,0.0,0.8168140899333466,0.8168140899333466,0.8168140899333466,0.8168140899333466,0.0,0.0,0.0,0.0
5.119999999999979,2.4000000000000012,0.0,0.0,0.0,0.0,0.0,0.8482300164692446,0.8482300164692446,0.8482300164692446,0.8482300164692446,0.0,0.0,0.0,0.0
5.139999999999978,2.4000000000000012,0.0,0.0,0.0,0.0,0.0,0.8796459430051425,0.8796459430051425,0.8796459430051425,0.8796459430051425,0.0,0.0,0.0,0.0
5.159999999999978,2.4000000000000012,0.0,0.0,0.0,0.0,0.0,0.9110618695410405,0.9110618695410405,0.9110618695410405,0.9110618695410405,0.0,0.0,0.0,0.0
5.1799999999999775,2.4000000000000012,0.0,0.0,0.0,0.0,0.0,0.9424777960769385,0.9424777960769385,0.9424777960769385,0.9424777960769385,0.0,0.0,0.0,0.0
5.199999999999977,2.4000000000000012,0.0,0.0,0.0,0.0,0.0,0.9738937226128365,0.9738937226128365,0.9738937226128365,0.9738937226128365,0.0,0.0,0.0,0.0
5.219999999999977,2.4000000000000012,0.0,0.0,0.0,0.0,0.0,1.0053096491487343,1.0053096491487343,1.0053096491487343,1.0053096491487343,0.0,0.0,0.0,0.0
5.239999999999976,2.4000000000000012,0.0,0.0,0.0,0.0,0.0,1.0367255756846323,1.0367255756846323,1.0367255756846323,1.0367255756846323,0.0,0.0,0.0,0.0
5.259999999999976,2.4000000000000012,0.0,0.0,0.0,0.0,0.0,1.0681415022205303,1.0681415022205303,1.0681415022205303,1.0681415022205303,0.0,0.0,0.0,0.0
5.279999999999975,2.4000000000000012,0.0,0.0,0.0,0.0,0.0,1.0995574287564283,1.0995574287564283,1.0995574287564283,1.0995574287564283,0.0,0.0,0.0,0.0
5.299999999999975,2.4000000000000012,0.0,0.0,0.0,0.0,0.0,1.1309733552923262,1.1309733552923262,1.1309733552923262,1.1309733552923262,0.0,0.0,0.0,0.0
5.3199999999999745,2.4000000000000012,0.0,0.0,0.0,0.0,0.0,1.1623892818282242,1.1623892818282242,1.1623892818282242,1.1623892818282242,0.0,0.0,0.0,0.0
5.339999999999974,2.4000000000000012,0.0,0.0,0.0,0.0,0.0,1.1938052083641222,1.1938052083641222,1.1938052083641222,1.1938052083641222,0.0,0.0,0.0,0.0
5.359999999999974,2.4000000000000012,0.0,0.0,0.0,0.0,0.0,1.2252211349000202,1.2252211349000202,1.2252211349000202,1.2252211349000202,0.0,0.0,0.0,0.0
5.379999999999973,2.4000000000000012,0.0,0.0,0.0,0.0,0.0,1.2566370614359181,1.2566370614359181,1.2566370614359181,1.2566370614359181,0.0,0.0,0.0,0.0
5.399999999999973,2.4000000000000012,0.0,0.0,0.0,0.0,0.0,1.288052987971816,1.288052987971816,1.288052987971816,1.288052987971816,0.0,0.0,0.0,0.0
5.419999999999972,2.4000000000000012,0.0,0.0,0.0,0.0,0.0,1.319468914507714,1.319468914507714,1.319468914507714,1.319468914507714,0.0,0.0,0.0,0.0
5.439999999999972,2.4000000000000012,0.0,0.0,0.0,0.0,0.0,1.350884841043612,1.350884841043612,1.350884841043612,1.350884841043612,0.0,0.0,0.0,0.0
5.4599999999999715,2.4000000000000012,0.0,0.0,0.0,0.0,0.0,1.38230076757951,1.38230076757951,1.38230076757951,1.38230076757951,0.0,0.0,0.0,0.0
5.479999999999971,2.4000000000000012,0.0,0.0,0.0,0.0,0.0,1.413716694115408,1.413716694115408,1.413716694115408,1.413716694115408,0.0,0.0,0.0,0.0
5.499999999999971,2.4000000000000012,0.0,0.0,0.0,0.0,0.0,1.445132620651306,1.445132620651306,1.445132620651306,1.445132620651306,0.0,0.0,0.0,0.0
5.51999999999997,2.4000000000000012,0.0,0.0,0.0,0.0,0.0,1.476548547187204,1.476548547187204,1.476548547187204,1.476548547187204,0.0,0.0,0.0,0.0
5.53999999999997,2.4000000000000012,0.0,0.0,0.0,0.0,0.0,1.507964473723102,1.507964473723102,1.507964473723102,1.507964473723102,0.0,0.0,0.0,0.0
5.559999999999969,2.4000000000000012,0.0,0.0,0.0,0.0,0.0,1.539380400259,1.539380400259,1.539380400259,1.539380400259,0.0,0.0,0.0,0.0
5.579999999999969,2.4000000000000012,0.0,0.0,0.0,0.0,0.0,1.5707963267948968,1.5707963267948968,1.5707963267948968,1.5707963267948968,0.0,0.0,0.0,0.0
5.599999999999969,2.4000000000000012,0.0004,0.0,0.0,0.02,0.0,1.5707963267948968,1.5707963267948968,1.5707963267948968,1.5707963267948968,0.02,0.02,0.02,0.02
5.619999999999968,2.4000000000000012,0.0012000000000000001,0.0,0.0,0.04,0.0,1.5707963267948968,1.5707963267948968,1.5707963267948968,1.5707963267948968,0.04,0.04,0.04,0.04
5.639999999999968,2.4000000000000012,0.0024000000000000002,0.0,0.0,0.06,0.0,1.5707963267948968,1.5707963267948968,1.5707963267948968,1.5707963267948968,0.06,0.06,0.06,0.06
5.659999999999967,2.4000000000000012,0.004,0.0,0.0,0.08,0.0,1.5707963267948968,1.5707963267948968,1.5707963267948968,1.5707963267948968,0.08,0.08,0.08,0.08
5.679999999999967,2.4000000000000012,0.006,0.0,0.0,0.1,0.0,1.5707963267948968,1.5707963267948968,1.5707963267948968,1.5707963267948968,0.1,0.1,0.1,0.1
5.699999999999966,2.4000000000000012,0.008400000000000001,0.0,0.0,0.12000000000000001,0.0,1.5707963267948968,1.5707963267948968,1.5707963267948968,1.5707963267948968,0.12000000000000001,0.12000000000000001,0.12000000000000001,0.12000000000000001
5.719999999999966,2.4000000000000012,0.011200000000000002,0.0,0.0,0.14,0.0,1.5707963267948968,1.5707963267948968,1.5707963267948968,1.5707963267948968,0.14,0.14,0.14,0.14
5.739999999999966,2.4000000000000012,0.014400000000000001,0.0,0.0,0.16,0.0,1.5707963267948968,1.5707963267948968,1.5707963267948968,1.5707963267948968,0.16,0.16,0.16,0.16
5.759999999999965,2.4000000000000012,0.018000000000000002,0.0,0.0,0.18,0.0,1.5707963267948968,1.5707963267948968,1.5707963267948968,1.5707963267948968,0.18,0.18,0.18,0.18
5.779999999999965,2.4000000000000012,0.022000000000000002,0.0,0.0,0.19999999999999998,0.0,1.5707963267948968,1.5707963267948968,1.5707963267948968,1.5707963267948968,0.19999999999999998,0.19999999999999998,0.19999999999999998,0.19999999999999998
5.799999999999964,2.4000000000000012,0.0264,0.0,0.0,0.21999999999999997,0.0,1.5707963267948968,1.5707963267948968,1.5707963267948968,1.5707963267948968,0.21999999999999997,0.21999999999999997,0.21999999999999997,0.21999999999999997
5.819999999999964,2.4000000000000012,0.0312,0.0,0.0,0.23999999999999996,0.0,1.5707963267948968,1.5707963267948968,1.5707963267948968,1.5707963267948968,0.23999999999999996,0.23999999999999996,0.23999999999999996,0.23999999999999996
5.839999999999963,2.4000000000000012,0.036399999999999995,0.0,0.0,0.25999999999999995,0.0,1.5707963267948968,1.5707963267948968,1.5707963267948968,1.5707963267948968,0.25999999999999995,0.25999999999999995,0.25999999999999995,0.25999999999999995
5.859999999999963,2.4000000000000012,0.041999999999999996,0.0,0.0,0.27999999999999997,0.0,1.5707963267948968,1.5707963267948968,1.5707963267948968,1.5707963267948968,0.27999999999999997,0.27999999999999997,0.27999999999999997,0.27999999999999997
5.879999999999963,2.4000000000000012,0.047999999999999994,0.0,0.0,0.3,0.0,1.5707963267948968,1.5707963267948968,1.5707963267948968,1.5707963267948968,0.3,0.3,0.3,0.3
5.899999999999962,2.4000000000000012,0.0544,0.0,0.0,0.32,0.0,1.5707963267948968,1.5707963267948968,1.5707963267948968,1.5707963267948968,0.32,0.32,0.32,0.32
5.919999999999962,2.4000000000000012,0.0612,0.0,0.0,0.34,0.0,1.5707963267948968,1.5707963267948968,1.5707963267948968,1.5707963267948968,0.34,0.34,0.34,0.34
5.939999999999961,2.4000000000000012,0.0684,0.0,0.0,0.36000000000000004,0.0,1.5707963267948968,1.5707963267948968,1.5707963267948968,1.5707963267948968,0.36000000000000004,0.36000000000000004,0.36000000000000004,0.36000000000000004
5.959999999999961,2.4000000000000012,0.076,0.0,0.0,0.38000000000000006,0.0,1.5707963267948968,1.5707963267948968,1.5707963267948968,1.5707963267948968,0.38000000000000006,0.38000000000000006,0.38000000000000006,0.38000000000000006
5.9799999999999605,2.4000000000000012,0.084,0.0,0.0,0.4000000000000001,0.0,1.5707963267948968,1.5707963267948968,1.5707963267948968,1.5707963267948968,0.4000000000000001,0.4000000000000001,0.4000000000000001,0.4000000000000001
5.99999999999996,2.4000000000000012,0.09240000000000001,0.0,0.0,0.4200000000000001,0.0,1.5707963267948968,1.5707963267948968,1.5707963267948968,1.5707963267948968,0.4200000000000001,0.4200000000000001,0.4200000000000001,0.4200000000000001
6.01999999999996,2.4000000000000012,0.10120000000000001,0.0,0.0,0.4400000000000001,0.0,1.5707963267948968,1.5707963267948968,1.5707963267948968,1.5707963267948968,0.4400000000000001,0.4400000000000001,0.4400000000000001,0.4400000000000001
6.039999999999959,2.4000000000000012,0.11040000000000001,0.0,0.0,0.46000000000000013,0.0,1.5707963267948968,1.5707963267948968,1.5707963267948968,1.5707963267948968,0.46000000000000013,0.46000000000000013,0.46000000000000013,0.46000000000000013
6.059999999999959,2.4000000000000012,0.12000000000000001,0.0,0.0,0.48000000000000015,0.0,1.5707963267948968,1.5707963267948968,1.5707963267948968,1.5707963267948968,0.48000000000000015,0.48000000000000015,0.48000000000000015,0.48000000000000015
6.079999999999958,2.4000000000000012,0.13,0.0,0.0,0.5,0.0,1.5707963267948968,1.5707963267948968,1.5707963267948968,1.5707963267948968,0.5,0.5,0.5,0.5
6.099999999999958,2.4000000000000012,0.14,0.0,0.0,0.5,0.0,1.5707963267948968,1.5707963267948968,1.5707963267948968,1.5707963267948968,0.5,0.5,0.5,0.5
6.1199999999999575,2.4000000000000012,0.15000000000000002,0.0,0.0,0.5,0.0,1.5707963267948968,1.5707963267948968,1.5707963267948968,1.5707963267948968,0.5,0.5,0.5,0.5
6.139999999999957,2.4000000000000012,0.16000000000000003,0.0,0.0,0.5,0.0,1.5707963267948968,1.5707963267948968,1.5707963267948968,1.5707963267948968,0.5,0.5,0.5,0.5
6.159999999999957,2.4000000000000012,0.17000000000000004,0.0,0.0,0.5,0.0,1.5707963267948968,1.5707963267948968,1.5707963267948968,1.5707963267948968,0.5,0.5,0.5,0.5
6.179999999999956,2.4000000000000012,0.18000000000000005,0.0,0.0,0.5,0.0,1.5707963267948968,1.5707963267948968,1.5707963267948968,1.5707963267948968,0.5,0.5,0.5,0.5
6.199999999999956,2.4000000000000012,0.19000000000000006,0.0,0.0,0.5,0.0,1.5707963267948968,1.5707963267948968,1.5707963267948968,1.5707963267948968,0.5,0.5,0.5,0.5
6.219999999999955,2.4000000000000012,0.20000000000000007,0.0,0.0,0.5,0.0,1.5707963267948968,1.5707963267948968,1.5707963267948968,1.5707963267948968,0.5,0.5,0.5,0.5
6.239999999999955,2.4000000000000012,0.21000000000000008,0.0,0.0,0.5,0.0,1.5707963267948968,1.5707963267948968,1.5707963267948968,1.5707963267948968,0.5,0.5,0.5,0.5
6.2599999999999545,2.4000000000000012,0.22000000000000008,0.0,0.0,0.5,0.0,1.5707963267948968,1.5707963267948968,1.5707963267948968,1.5707963267948968,0.5,0.5,0.5,0.5
6.279999999999954,2.4000000000000012,0.2300000000000001,0.0,0.0,0.5,0.0,1.5707963267948968,1.5707963267948968,1.5707963267948968,1.5707963267948968,0.5,0.5,0.5,0.5
6.299999999999954,2.4000000000000012,0.2400000000000001,0.0,0.0,0.5,0.0,1.5707963267948968,1.5707963267948968,1.5707963267948968,1.5707963267948968,0.5,0.5,0.5,0.5
6.319999999999953,2.4000000000000012,0.2500000000000001,0.0,0.0,0.5,0.0,1.5707963267948968,1.5707963267948968,1.5707963267948968,1.5707963267948968,0.5,0.5,0.5,0.5
6.339999999999953,2.4000000000000012,0.2600000000000001,0.0,0.0,0.5,0.0,1.5707963267948968,1.5707963267948968,1.5707963267948968,1.5707963267948968,0.5,0.5,0.5,0.5
6.359999999999952,2.4000000000000012,0.27000000000000013,0.0,0.0,0.5,0.0,1.5707963267948968,1.5707963267948968,1.5707963267948968,1.5707963267948968,0.5,0.5,0.5,0.5
6.379999999999952,2.4000000000000012,0.28000000000000014,0.0,0.0,0.5,0.0,1.5707963267948968,1.5707963267948968,1.5707963267948968,1.5707963267948968,0.5,0.5,0.5,0.5
6.3999999999999515,2.4000000000000012,0.29000000000000015,0.0,0.0,0.5,0.0,1.5707963267948968,1.5707963267948968,1.5707963267948968,1.5707963267948968,0.5,0.5,0.5,0.5
6.419999999999951,2.4000000000000012,0.30000000000000016,0.0,0.0,0.5,0.0,1.5707963267948968,1.5707963267948968,1.5707963267948968,1.5707963267948968,0.5,0.5,0.5,0.5
6.439999999999951,2.4000000000000012,0.31000000000000016,0.0,0.0,0.5,0.0,1.5707963267948968,1.5707963267948968,1.5707963267948968,1.5707963267948968,0.5,0.5,0.5,0.5
6.45999999999995,2.4000000000000012,0.3200000000000002,0.0,0.0,0.5,0.0,1.5707963267948968,1.5707963267948968,1.5707963267948968,1.5707963267948968,0.5,0.5,0.5,0.5
6.47999999999995,2.4000000000000012,0.3300000000000002,0.0,0.0,0.5,0.0,1.5707963267948968,1.5707963267948968,1.5707963267948968,1.5707963267948968,0.5,0.5,0.5,0.5
6.499999999999949,2.4000000000000012,0.3400000000000002,0.0,0.0,0.5,0.0,1.5707963267948968,1.5707963267948968,1.5707963267948968,1.5707963267948968,0.5,0.5,0.5,0.5
6.519999999999949,2.4000000000000012,0.3500000000000002,0.0,0.0,0.5,0.0,1.5707963267948968,1.5707963267948968,1.5707963267948968,1.5707963267948968,0.5,0.5,0.5,0.5
6.5399999999999485,2.4000000000000012,0.3600000000000002,0.0,0.0,0.5,0.0,1.5707963267948968,1.5707963267948968,1.5707963267948968,1.5707963267948968,0.5,0.5,0.5,0.5
6.559999999999948,2.4000000000000012,0.3700000000000002,0.0,0.0,0.5,0.0,1.5707963267948968,1.5707963267948968,1.5707963267948968,1.5707963267948968,0.5,0.5,0.5,0.5
6.579999999999948,2.4000000000000012,0.3800000000000002,0.0,0.0,0.5,0.0,1.5707963267948968,1.5707963267948968,1.5707963267948968,1.5707963267948968,0.5,0.5,0.5,0.5
6.599999999999947,2.4000000000000012,0.39000000000000024,0.0,0.0,0.5,0.0,1.5707963267948968,1.5707963267948968,1.5707963267948968,1.5707963267948968,0.5,0.5,0.5,0.5
6.619999999999947,2.4000000000000012,0.40000000000000024,0.0,0.0,0.5,0.0,1.5707963267948968,1.5707963267948968,1.5707963267948968,1.5707963267948968,0.5,0.5,0.5,0.5
6.639999999999946,2.4000000000000012,0.41000000000000025,0.0,0.0,0.5,0.0,1.5707963267948968,1.5707963267948968,1.5707963267948968,1.5707963267948968,0.5,0.5,0.5,0.5
6.659999999999946,2.4000000000000012,0.42000000000000026,0.0,0.0,0.5,0.0,1.5707963267948968,1.5707963267948968,1.5707963267948968,1.5707963267948968,0.5,0.5,0.5,0.5
6.6799999999999455,2.4000000000000012,0.43000000000000027,0.0,0.0,0.5,0.0,1.5707963267948968,1.5707963267948968,1.5707963267948968,1.5707963267948968,0.5,0.5,0.5,0.5
6.699999999999945,2.4000000000000012,0.4400000000000003,0.0,0.0,0.5,0.0,1.5707963267948968,1.5707963267948968,1.5707963267948968,1.5707963267948968,0.5,0.5,0.5,0.5
6.719999999999945,2.4000000000000012,0.4500000000000003,0.0,0.0,0.5,0.0,1.5707963267948968,1.5707963267948968,1.5707963267948968,1.5707963267948968,0.5,0.5,0.5,0.5
6.739999999999944,2.4000000000000012,0.4600000000000003,0.0,0.0,0.5,0.0,1.5707963267948968,1.5707963267948968,1.5707963267948968,1.5707963267948968,0.5,0.5,0.5,0.5
6.759999999999944,2.4000000000000012,0.4700000000000003,0.0,0.0,0.5,0.0,1.5707963267948968,1.5707963267948968,1.5707963267948968,1.5707963267948968,0.5,0.5,0.5,0.5
6.779999999999943,2.4000000000000012,0.4800000000000003,0.0,0.0,0.5,0.0,1.5707963267948968,1.5707963267948968,1.5707963267948968,1.5707963267948968,0.5,0.5,0.5,0.5
6.799999999999943,2.4000000000000012,0.4900000000000003,0.0,0.0,0.5,0.0,1.5707963267948968,1.5707963267948968,1.5707963267948968,1.5707963267948968,0.5,0.5,0.5,0.5
6.8199999999999426,2.4000000000000012,0.5000000000000003,0.0,0.0,0.5,0.0,1.5707963267948968,1.5707963267948968,1.5707963267948968,1.5707963267948968,0.5,0.5,0.5,0.5
6.839999999999942,2.4000000000000012,0.5100000000000003,0.0,0.0,0.5,0.0,1.5707963267948968,1.5707963267948968,1.5707963267948968,1.5707963267948968,0.5,0.5,0.5,0.5
6.859999999999942,2.4000000000000012,0.5200000000000004,0.0,0.0,0.5,0.0,1.5707963267948968,1.5707963267948968,1.5707963267948968,1.5707963267948968,0.5,0.5,0.5,0.5
6.879999999999941,2.4000000000000012,0.5300000000000004,0.0,0.0,0.5,0.0,1.5707963267948968,1.5707963267948968,1.5707963267948968,1.5707963267948968,0.5,0.5,0.5,0.5
6.899999999999941,2.4000000000000012,0.5400000000000004,0.0,0.0,0.5,0.0,1.5707963267948968,1.5707963267948968,1.5707963267948968,1.5707963267948968,0.5,0.5,0.5,0.5
6.91999999999994,2.4000000000000012,0.5500000000000004,0.0,0.0,0.5,0.0,1.5707963267948968,1.5707963267948968,1.5707963267948968,1.5707963267948968,0.5,0.5,0.5,0.5
6.93999999999994,2.4000000000000012,0.5600000000000004,0.0,0.0,0.5,0.0,1.5707963267948968,1.5707963267948968,1.5707963267948968,1.5707963267948968,0.5,0.5,0.5,0.5
6.95999999999994,2.4000000000000012,0.5700000000000004,0.0,0.0,0.5,0.0,1.5707963267948968,1.5707963267948968,1.5707963267948968,1.5707963267948968,0.5,0.5,0.5,0.5
6.979999999999939,2.4000000000000012,0.5800000000000004,0.0,0.0,0.5,0.0,1.5707963267948968,1.5707963267948968,1.5707963267948968,1.5707963267948968,0.5,0.5,0.5,0.5
6.999999999999939,2.4000000000000012,0.5900000000000004,0.0,0.0,0.5,0.0,1.5707963267948968,1.5707963267948968,1.5707963267948968,1.5707963267948968,0.5,0.5,0.5,0.5
7.019999999999938,2.4000000000000012,0.6000000000000004,0.0,0.0,0.5,0.0,1.5707963267948968,1.5707963267948968,1.5707963267948968,1.5707963267948968,0.5,0.5,0.5,0.5
7.039999999999938,2.4000000000000012,0.6100000000000004,0.0,0.0,0.5,0.0,1.5707963267948968,1.5707963267948968,1.5707963267948968,1.5707963267948968,0.5,0.5,0.5,0.5
7.059999999999937,2.4000000000000012,0.6200000000000004,0.0,0.0,0.5,0.0,1.5707963267948968,1.5707963267948968,1.5707963267948968,1.5707963267948968,0.5,0.5,0.5,0.5
7.079999999999937,2.4000000000000012,0.6300000000000004,0.0,0.0,0.5,0.0,1.5707963267948968,1.5707963267948968,1.5707963267948968,1.5707963267948968,0.5,0.5,0.5,0.5
7.099999999999937,2.4000000000000012,0.6400000000000005,0.0,0.0,0.5,0.0,1.5707963267948968,1.5707963267948968,1.5707963267948968,1.5707963267948968,0.5,0.5,0.5,0.5
7.119999999999936,2.4000000000000012,0.6500000000000005,0.0,0.0,0.5,0.0,1.5707963267948968,1.5707963267948968,1.5707963267948968,1.5707963267948968,0.5,0.5,0.5,0.5
7.139999999999936,2.4000000000000012,0.6600000000000005,0.0,0.0,0.5,0.0,1.5707963267948968,1.5707963267948968,1.5707963267948968,1.5707963267948968,0.5,0.5,0.5,0.5
7.159999999999935,2.4000000000000012,0.6700000000000005,0.0,0.0,0.5,0.0,1.5707963267948968,1.5707963267948968,1.5707963267948968,1.5707963267948968,0.5,0.5,0.5,0.5
7.179999999999935,2.4000000000000012,0.6800000000000005,0.0,0.0,0.5,0.0,1.5707963267948968,1.5707963267948968,1.5707963267948968,1.5707963267948968,0.5,0.5,0.5,0.5
7.1999999999999345,2.4000000000000012,0.6900000000000005,0.0,0.0,0.5,0.0,1.5707963267948968,1.5707963267948968,1.5707963267948968,1.5707963267948968,0.5,0.5,0.5,0.5
7.219999999999934,2.4000000000000012,0.7000000000000005,0.0,0.0,0.5,0.0,1.5707963267948968,1.5707963267948968,1.5707963267948968,1.5707963267948968,0.5,0.5,0.5,0.5
7.239999999999934,2.4000000000000012,0.7100000000000005,0.0,0.0,0.5,0.0,1.5707963267948968,1.5707963267948968,1.5707963267948968,1.5707963267948968,0.5,0.5,0.5,0.5
7.259999999999933,2.4000000000000012,0.7200000000000005,0.0,0.0,0.5,0.0,1.5707963267948968,1.5707963267948968,1.5707963267948968,1.5707963267948968,0.5,0.5,0.5,0.5
7.279999999999933,2.4000000000000012,0.7300000000000005,0.0,0.0,0.5,0.0,1.5707963267948968,1.5707963267948968,1.5707963267948968,1.5707963267948968,0.5,0.5,0.5,0.5
7.299999999999932,2.4000000000000012,0.7400000000000005,0.0,0.0,0.5,0.0,1.5707963267948968,1.5707963267948968,1.5707963267948968,1.5707963267948968,0.5,0.5,0.5,0.5
7.319999999999932,2.4000000000000012,0.7500000000000006,0.0,0.0,0.5,0.0,1.5707963267948968,1.5707963267948968,1.5707963267948968,1.5707963267948968,0.5,0.5,0.5,0.5
7.3399999999999315,2.4000000000000012,0.7600000000000006,0.0,0.0,0.5,0.0,1.5707963267948968,1.5707963267948968,1.5707963267948968,1.5707963267948968,0.5,0.5,0.5,0.5
7.359999999999931,2.4000000000000012,0.7700000000000006,0.0,0.0,0.5,0.0,1.5707963267948968,1.5707963267948968,1.5707963267948968,1.5707963267948968,0.5,0.5,0.5,0.5
7.379999999999931,2.4000000000000012,0.7800000000000006,0.0,0.0,0.5,0.0,1.5707963267948968,1.5707963267948968,1.5707963267948968,1.5707963267948968,0.5,0.5,0.5,0.5
7.39999999999993,2.4000000000000012,0.7900000000000006,0.0,0.0,0.5,0.0,1.5707963267948968,1.5707963267948968,1.5707963267948968,1.5707963267948968,0.5,0.5,0.5,0.5
7.41999999999993,2.4000000000000012,0.8000000000000006,0.0,0.0,0.5,0.0,1.5707963267948968,1.5707963267948968,1.5707963267948968,1.5707963267948968,0.5,0.5,0.5,0.5
7.439999999999929,2.4000000000000012,0.8100000000000006,0.0,0.0,0.5,0.0,1.5707963267948968,1.5707963267948968,1.5707963267948968,1.5707963267948968,0.5,0.5,0.5,0.5
7.459999999999929,2.4000000000000012,0.8200000000000006,0.0,0.0,0.5,0.0,1.5707963267948968,1.5707963267948968,1.5707963267948968,1.5707963267948968,0.5,0.5,0.5,0.5
7.4799999999999285,2.4000000000000012,0.8300000000000006,0.0,0.0,0.5,0.0,1.5707963267948968,1.5707963267948968,1.5707963267948968,1.5707963267948968,0.5,0.5,0.5,0.5
7.499999999999928,2.4000000000000012,0.8400000000000006,0.0,0.0,0.5,0.0,1.5707963267948968,1.5707963267948968,1.5707963267948968,1.5707963267948968,0.5,0.5,0.5,0.5
7.519999999999928,2.4000000000000012,0.8500000000000006,0.0,0.0,0.5,0.0,1.5707963267948968,1.5707963267948968,1.5707963267948968,1.5707963267948968,0.5,0.5,0.5,0.5
7.539999999999927,2.4000000000000012,0.8600000000000007,0.0,0.0,0.5,0.0,1.5707963267948968,1.5707963267948968,1.5707963267948968,1.5707963267948968,0.5,0.5,0.5,0.5
7.559999999999927,2.4000000000000012,0.8700000000000007,0.0,0.0,0.5,0.0,1.5707963267948968,1.5707963267948968,1.5707963267948968,1.5707963267948968,0.5,0.5,0.5,0.5
7.579999999999926,2.4000000000000012,0.8800000000000007,0.0,0.0,0.5,0.0,1.5707963267948968,1.5707963267948968,1.5707963267948968,1.5707963267948968,0.5,0.5,0.5,0.5
7.599999999999926,2.4000000000000012,0.8900000000000007,0.0,0.0,0.5,0.0,1.5707963267948968,1.5707963267948968,1.5707963267948968,1.5707963267948968,0.5,0.5,0.5,0.5
7.6199999999999255,2.4000000000000012,0.9000000000000007,0.0,0.0,0.5,0.0,1.5707963267948968,1.5707963267948968,1.5707963267948968,1.5707963267948968,0.5,0.5,0.5,0.5
7.639999999999925,2.4000000000000012,0.9100000000000007,0.0,0.0,0.5,0.0,1.5707963267948968,1.5707963267948968,1.5707963267948968,1.5707963267948968,0.5,0.5,0.5,0.5
7.659999999999925,2.4000000000000012,0.9200000000000007,0.0,0.0,0.5,0.0,1.5707963267948968,1.5707963267948968,1.5707963267948968,1.5707963267948968,0.5,0.5,0.5,0.5
7.679999999999924,2.4000000000000012,0.9300000000000007,0.0,0.0,0.5,0.0,1.5707963267948968,1.5707963267948968,1.5707963267948968,1.5707963267948968,0.5,0.5,0.5,0.5
7.699999999999924,2.4000000000000012,0.9400000000000007,0.0,0.0,0.5,0.0,1.5707963267948968,1.5707963267948968,1.5707963267948968,1.5707963267948968,0.5,0.5,0.5,0.5
7.719999999999923,2.4000000000000012,0.9500000000000007,0.0,0.0,0.5,0.0,1.5707963267948968,1.5707963267948968,1.5707963267948968,1.5707963267948968,0.5,0.5,0.5,0.5
7.739999999999923,2.4000000000000012,0.9600000000000007,0.0,0.0,0.5,0.0,1.5707963267948968,1.5707963267948968,1.5707963267948968,1.5707963267948968,0.5,0.5,0.5,0.5
7.7599999999999225,2.4000000000000012,0.9700000000000008,0.0,0.0,0.5,0.0,1.5707963267948968,1.5707963267948968,1.5707963267948968,1.5707963267948968,0.5,0.5,0.5,0.5
7.779999999999922,2.4000000000000012,0.9800000000000008,0.0,0.0,0.5,0.0,1.5707963267948968,1.5707963267948968,1.5707963267948968,1.5707963267948968,0.5,0.5,0.5,0.5
7.799999999999922,2.4000000000000012,0.9900000000000008,0.0,0.0,0.5,0.0,1.5707963267948968,1.5707963267948968,1.5707963267948968,1.5707963267948968,0.5,0.5,0.5,0.5
7.819999999999921,2.4000000000000012,1.0000000000000007,0.0,0.0,0.5,0.0,1.5707963267948968,1.5707963267948968,1.5707963267948968,1.5707963267948968,0.5,0.5,0.5,0.5
7.839999999999921,2.4000000000000012,1.0100000000000007,0.0,0.0,0.5,0.0,1.5707963267948968,1.5707963267948968,1.5707963267948968,1.5707963267948968,0.5,0.5,0.5,0.5
7.85999999999992,2.4000000000000012,1.0200000000000007,0.0,0.0,0.5,0.0,1.5707963267948968,1.5707963267948968,1.5707963267948968,1.5707963267948968,0.5,0.5,0.5,0.5
7.87999999999992,2.4000000000000012,1.0300000000000007,0.0,0.0,0.5,0.0,1.5707963267948968,1.5707963267948968,1.5707963267948968,1.5707963267948968,0.5,0.5,0.5,0.5
7.8999999999999195,2.4000000000000012,1.0400000000000007,0.0,0.0,0.5,0.0,1.5707963267948968,1.5707963267948968,1.5707963267948968,1.5707963267948968,0.5,0.5,0.5,0.5
7.919999999999919,2.4000000000000012,1.0500000000000007,0.0,0.0,0.5,0.0,1.5707963267948968,1.5707963267948968,1.5707963267948968,1.5707963267948968,0.5,0.5,0.5,0.5
7.939999999999919,2.4000000000000012,1.0600000000000007,0.0,0.0,0.5,0.0,1.5707963267948968,1.5707963267948968,1.5707963267948968,1.5707963267948968,0.5,0.5,0.5,0.5
7.959999999999918,2.4000000000000012,1.0700000000000007,0.0,0.0,0.5,0.0,1.5707963267948968,1.5707963267948968,1.5707963267948968,1.5707963267948968,0.5,0.5,0.5,0.5
7.979999999999918,2.4000000000000012,1.0800000000000007,0.0,0.0,0.5,0.0,1.5707963267948968,1.5707963267948968,1.5707963267948968,1.5707963267948968,0.5,0.5,0.5,0.5
7.999999999999917,2.4000000000000012,1.0900000000000007,0.0,0.0,0.5,0.0,1.5707963267948968,1.5707963267948968,1.5707963267948968,1.5707963267948968,0.5,0.5,0.5,0.5
8.019999999999918,2.4000000000000012,1.1000000000000008,0.0,0.0,0.5,0.0,1.5707963267948968,1.5707963267948968,1.5707963267948968,1.5707963267948968,0.5,0.5,0.5,0.5
8.039999999999917,2.4000000000000012,1.1096000000000008,0.0,0.0,0.48,0.0,1.5707963267948968,1.5707963267948968,1.5707963267948968,1.5707963267948968,0.48,0.48,0.48,0.48
8.059999999999917,2.4000000000000012,1.118800000000001,0.0,0.0,0.46,0.0,1.5707963267948968,1.5707963267948968,1.5707963267948968,1.5707963267948968,0.46,0.46,0.46,0.46
8.079999999999917,2.4000000000000012,1.1276000000000008,0.0,0.0,0.44000000000000006,0.0,1.5707963267948968,1.5707963267948968,1.5707963267948968,1.5707963267948968,0.44000000000000006,0.44000000000000006,0.44000000000000006,0.44000000000000006
8.099999999999916,2.4000000000000012,1.1360000000000008,0.0,0.0,0.4200000000000001,0.0,1.5707963267948968,1.5707963267948968,1.5707963267948968,1.5707963267948968,0.4200000000000001,0.4200000000000001,0.4200000000000001,0.4200000000000001
8.119999999999916,2.4000000000000012,1.1440000000000008,0.0,0.0,0.40000000000000013,0.0,1.5707963267948968,1.5707963267948968,1.5707963267948968,1.5707963267948968,0.40000000000000013,0.40000000000000013,0.40000000000000013,0.40000000000000013
8.139999999999915,2.4000000000000012,1.1516000000000008,0.0,0.0,0.38000000000000017,0.0,1.5707963267948968,1.5707963267948968,1.5707963267948968,1.5707963267948968,0.38000000000000017,0.38000000000000017,0.38000000000000017,0.38000000000000017
8.159999999999915,2.4000000000000012,1.158800000000001,0.0,0.0,0.3600000000000002,0.0,1.5707963267948968,1.5707963267948968,1.5707963267948968,1.5707963267948968,0.3600000000000002,0.3600000000000002,0.3600000000000002,0.3600000000000002
8.179999999999914,2.4000000000000012,1.1656000000000009,0.0,0.0,0.3400000000000002,0.0,1.5707963267948968,1.5707963267948968,1.5707963267948968,1.5707963267948968,0.3400000000000002,0.3400000000000002,0.3400000000000002,0.3400000000000002
8.199999999999914,2.4000000000000012,1.1720000000000008,0.0,0.0,0.3200000000000002,0.0,1.5707963267948968,1.5707963267948968,1.5707963267948968,1.5707963267948968,0.3200000000000002,0.3200000000000002,0.3200000000000002,0.3200000000000002
8.219999999999914,2.4000000000000012,1.1780000000000008,0.0,0.0,0.30000000000000016,0.0,1.5707963267948968,1.5707963267948968,1.5707963267948968,1.5707963267948968,0.30000000000000016,0.30000000000000016,0.30000000000000016,0.30000000000000016
8.239999999999913,2.4000000000000012,1.1836000000000009,0.0,0.0,0.28000000000000014,0.0,1.5707963267948968,1.5707963267948968,1.5707963267948968,1.5707963267948968,0.28000000000000014,0.28000000000000014,0.28000000000000014,0.28000000000000014
8.259999999999913,2.4000000000000012,1.188800000000001,0.0,0.0,0.2600000000000001,0.0,1.5707963267948968,1.5707963267948968,1.5707963267948968,1.5707963267948968,0.2600000000000001,0.2600000000000001,0.2600000000000001,0.2600000000000001
8.279999999999912,2.4000000000000012,1.1936000000000009,0.0,0.0,0.24000000000000013,0.0,1.5707963267948968,1.5707963267948968,1.5707963267948968,1.5707963267948968,0.24000000000000013,0.24000000000000013,0.24000000000000013,0.24000000000000013
8.299999999999912,2.4000000000000012,1.1980000000000008,0.0,0.0,0.22000000000000014,0.0,1.5707963267948968,1.5707963267948968,1.5707963267948968,1.5707963267948968,0.22000000000000014,0.22000000000000014,0.22000000000000014,0.22000000000000014
8.319999999999911,2.4000000000000012,1.2020000000000008,0.0,0.0,0.20000000000000015,0.0,1.5707963267948968,1.5707963267948968,1.5707963267948968,1.5707963267948968,0.20000000000000015,0.20000000000000015,0.20000000000000015,0.20000000000000015
8.339999999999911,2.4000000000000012,1.205600000000001,0.0,0.0,0.18000000000000016,0.0,1.5707963267948968,1.5707963267948968,1.5707963267948968,1.5707963267948968,0.18000000000000016,0.18000000000000016,0.18000000000000016,0.18000000000000016
8.35999999999991,2.4000000000000012,1.208800000000001,0.0,0.0,0.16000000000000014,0.0,1.5707963267948968,1.5707963267948968,1.5707963267948968,1.5707963267948968,0.16000000000000014,0.16000000000000014,0.16000000000000014,0.16000000000000014
8.37999999999991,2.4000000000000012,1.211600000000001,0.0,0.0,0.14000000000000015,0.0,1.5707963267948968,1.5707963267948968,1.5707963267948968,1.5707963267948968,0.14000000000000015,0.14000000000000015,0.14000000000000015,0.14000000000000015
8.39999999999991,2.4000000000000012,1.2140000000000009,0.0,0.0,0.12000000000000015,0.0,1.5707963267948968,1.5707963267948968,1.5707963267948968,1.5707963267948968,0.12000000000000015,0.12000000000000015,0.12000000000000015,0.12000000000000015
8.41999999999991,2.4000000000000012,1.2160000000000009,0.0,0.0,0.10000000000000014,0.0,1.5707963267948968,1.5707963267948968,1.5707963267948968,1.5707963267948968,0.10000000000000014,0.10000000000000014,0.10000000000000014,0.10000000000000014
8.439999999999909,2.4000000000000012,1.217600000000001,0.0,0.0,0.08000000000000014,0.0,1.5707963267948968,1.5707963267948968,1.5707963267948968,1.5707963267948968,0.08000000000000014,0.08000000000000014,0.08000000000000014,0.08000000000000014
8.459999999999908,2.4000000000000012,1.218800000000001,0.0,0.0,0.060000000000000143,0.0,1.5707963267948968,1.5707963267948968,1.5707963267948968,1.5707963267948968,0.060000000000000143,0.060000000000000143,0.060000000000000143,0.060000000000000143
8.479999999999908,2.4000000000000012,1.219600000000001,0.0,0.0,0.04000000000000014,0.0,1.5707963267948968,1.5707963267948968,1.5707963267948968,1.5707963267948968,0.04000000000000014,0.04000000000000014,0.04000000000000014,0.04000000000000014
8.499999999999908,2.4000000000000012,1.2200000000000009,0.0,0.0,0.02000000000000014,0.0,1.5707963267948968,1.5707963267948968,1.5707963267948968,1.5707963267948968,0.02000000000000014,0.02000000000000014,0.02000000000000014,0.02000000000000014
8.519999999999907,2.4000000000000012,1.2200000000000009,0.0,0.0,0.0,0.0,1.5393804002589988,1.5393804002589988,1.5393804002589988,1.5393804002589988,0.0,0.0,0.0,0.0
8.539999999999907,2.4000000000000012,1.2200000000000009,0.0,0.0,0.0,0.0,1.5079644737231008,1.5079644737231008,1.5079644737231008,1.5079644737231008,0.0,0.0,0.0,0.0
8.559999999999906,2.4000000000000012,1.2200000000000009,0.0,0.0,0.0,0.0,1.4765485471872029,1.4765485471872029,1.4765485471872029,1.4765485471872029,0.0,0.0,0.0,0.0
8.579999999999906,2.4000000000000012,1.2200000000000009,0.0,0.0,0.0,0.0,1.4451326206513049,1.4451326206513049,1.4451326206513049,1.4451326206513049,0.0,0.0,0.0,0.0
8.599999999999905,2.4000000000000012,1.2200000000000009,0.0,0.0,0.0,0.0,1.413716694115407,1.413716694115407,1.413716694115407,1.413716694115407,0.0,0.0,0.0,0.0
8.619999999999905,2.4000000000000012,1.2200000000000009,0.0,0.0,0.0,0.0,1.382300767579509,1.382300767579509,1.382300767579509,1.382300767579509,0.0,0.0,0.0,0.0
8.639999999999905,2.4000000000000012,1.2200000000000009,0.0,0.0,0.0,0.0,1.350884841043611,1.350884841043611,1.350884841043611,1.350884841043611,0.0,0.0,0.0,0.0
8.659999999999904,2.4000000000000012,1.2200000000000009,0.0,0.0,0.0,0.0,1.319468914507713,1.319468914507713,1.319468914507713,1.319468914507713,0.0,0.0,0.0,0.0
8.679999999999904,2.4000000000000012,1.2200000000000009,0.0,0.0,0.0,0.0,1.288052987971815,1.288052987971815,1.288052987971815,1.288052987971815,0.0,0.0,0.0,0.0
8.699999999999903,2.4000000000000012,1.2200000000000009,0.0,0.0,0.0,0.0,1.256637061435917,1.256637061435917,1.256637061435917,1.256637061435917,0.0,0.0,0.0,0.0
8.719999999999903,2.4000000000000012,1.2200000000000009,0.0,0.0,0.0,0.0,1.225221134900019,1.225221134900019,1.225221134900019,1.225221134900019,0.0,0.0,0.0,0.0
8.739999999999903,2.4000000000000012,1.2200000000000009,0.0,0.0,0.0,0.0,1.193805208364121,1.193805208364121,1.193805208364121,1.193805208364121,0.0,0.0,0.0,0.0
8.759999999999902,2.4000000000000012,1.2200000000000009,0.0,0.0,0.0,0.0,1.162389281828223,1.162389281828223,1.162389281828223,1.162389281828223,0.0,0.0,0.0,0.0
8.779999999999902,2.4000000000000012,1.2200000000000009,0.0,0.0,0.0,0.0,1.1309733552923251,1.1309733552923251,1.1309733552923251,1.1309733552923251,0.0,0.0,0.0,0.0
8.799999999999901,2.4000000000000012,1.2200000000000009,0.0,0.0,0.0,0.0,1.0995574287564271,1.0995574287564271,1.0995574287564271,1.0995574287564271,0.0,0.0,0.0,0.0
8.8199999999999,2.4000000000000012,1.2200000000000009,0.0,0.0,0.0,0.0,1.0681415022205292,1.0681415022205292,1.0681415022205292,1.0681415022205292,0.0,0.0,0.0,0.0
8.8399999999999,2.4000000000000012,1.2200000000000009,0.0,0.0,0.0,0.0,1.0367255756846312,1.0367255756846312,1.0367255756846312,1.0367255756846312,0.0,0.0,0.0,0.0
8.8599999999999,2.4000000000000012,1.2200000000000009,0.0,0.0,0.0,0.0,1.0053096491487332,1.0053096491487332,1.0053096491487332,1.0053096491487332,0.0,0.0,0.0,0.0
8.8799999999999,2.4000000000000012,1.2200000000000009,0.0,0.0,0.0,0.0,0.9738937226128352,0.9738937226128352,0.9738937226128352,0.9738937226128352,0.0,0.0,0.0,0.0
8.899999999999899,2.4000000000000012,1.2200000000000009,0.0,0.0,0.0,0.0,0.9424777960769373,0.9424777960769373,0.9424777960769373,0.9424777960769373,0.0,0.0,0.0,0.0
8.919999999999899,2.4000000000000012,1.2200000000000009,0.0,0.0,0.0,0.0,0.9110618695410393,0.9110618695410393,0.9110618695410393,0.9110618695410393,0.0,0.0,0.0,0.0
8.939999999999898,2.4000000000000012,1.2200000000000009,0.0,0.0,0.0,0.0,0.8796459430051413,0.8796459430051413,0.8796459430051413,0.8796459430051413,0.0,0.0,0.0,0.0
8.959999999999898,2.4000000000000012,1.2200000000000009,0.0,0.0,0.0,0.0,0.8482300164692433,0.8482300164692433,0.8482300164692433,0.8482300164692433,0.0,0.0,0.0,0.0
8.979999999999897,2.4000000000000012,1.2200000000000009,0.0,0.0,0.0,0.0,0.8168140899333454,0.8168140899333454,0.8168140899333454,0.8168140899333454,0.0,0.0,0.0,0.0
8.999999999999897,2.4000000000000012,1.2200000000000009,0.0,0.0,0.0,0.0,0.7853981633974485,0.7853981633974485,0.7853981633974485,0.7853981633974485,0.0,0.0,0.0,0.0
9.019999999999897,2.400282842712476,1.2202828427124754,0.0,0.014142135623730952,0.014142135623730952,0.0,0.7853981633974485,0.7853981633974485,0.7853981633974485,0.7853981633974485,0.020000000000000004,0.020000000000000004,0.020000000000000004,0.020000000000000004
9.039999999999896,2.400848528137425,1.2208485281374246,0.0,0.028284271247461905,0.028284271247461905,0.0,0.7853981633974485,0.7853981633974485,0.7853981633974485,0.7853981633974485,0.04000000000000001,0.04000000000000001,0.04000000000000001,0.04000000000000001
9.059999999999896,2.401697056274849,1.2216970562748484,0.0,0.042426406871192854,0.042426406871192854,0.0,0.7853981633974485,0.7853981633974485,0.7853981633974485,0.7853981633974485,0.060000000000000005,0.060000000000000005,0.060000000000000005,0.060000000000000005
9.079999999999895,2.4028284271247475,1.222828427124747,0.0,0.0565685424949238,0.0565685424949238,0.0,0.7853981633974485,0.7853981633974485,0.7853981633974485,0.7853981633974485,0.08,0.08,0.08,0.08
9.099999999999895,2.4042426406871207,1.22424264068712,0.0,0.07071067811865475,0.07071067811865475,0.0,0.7853981633974485,0.7853981633974485,0.7853981633974485,0.7853981633974485,0.1,0.1,0.1,0.1
9.119999999999894,2.405939696961968,1.2259396969619678,0.0,0.08485281374238571,0.08485281374238571,0.0,0.7853981633974485,0.7853981633974485,0.7853981633974485,0.7853981633974485,0.12000000000000001,0.12000000000000001,0.12000000000000001,0.12000000000000001
9.139999999999894,2.4079195959492905,1.2279195959492901,0.0,0.09899494936611666,0.09899494936611666,0.0,0.7853981633974485,0.7853981633974485,0.7853981633974485,0.7853981633974485,0.14,0.14,0.14,0.14
9.159999999999894,2.4101823376490876,1.230182337649087,0.0,0.11313708498984762,0.11313708498984762,0.0,0.7853981633974485,0.7853981633974485,0.7853981633974485,0.7853981633974485,0.16000000000000003,0.16000000000000003,0.16000000000000003,0.16000000000000003
9.179999999999893,2.412727922061359,1.2327279220613585,0.0,0.12727922061357858,0.12727922061357858,0.0,0.7853981633974485,0.7853981633974485,0.7853981633974485,0.7853981633974485,0.18000000000000005,0.18000000000000005,0.18000000000000005,0.18000000000000005
9.199999999999893,2.4155563491861054,1.2355563491861048,0.0,0.14142135623730953,0.14142135623730953,0.0,0.7853981633974485,0.7853981633974485,0.7853981633974485,0.7853981633974485,0.20000000000000004,0.20000000000000004,0.20000000000000004,0.20000000000000004
9.219999999999892,2.418667619023326,1.2386676190233257,0.0,0.1555634918610405,0.1555634918610405,0.0,0.7853981633974485,0.7853981633974485,0.7853981633974485,0.7853981633974485,0.22000000000000003,0.22000000000000003,0.22000000000000003,0.22000000000000003
9.239999999999892,2.4220617315730215,1.2420617315730211,0.0,0.16970562748477144,0.16970562748477144,0.0,0.7853981633974485,0.7853981633974485,0.7853981633974485,0.7853981633974485,0.24000000000000005,0.24000000000000005,0.24000000000000005,0.24000000000000005
9.259999999999891,2.425738686835192,1.2457386868351912,0.0,0.1838477631085024,0.1838477631085024,0.0,0.7853981633974485,0.7853981633974485,0.7853981633974485,0.7853981633974485,0.26000000000000006,0.26000000000000006,0.26000000000000006,0.26000000000000006
9.279999999999891,2.4296984848098364,1.2496984848098358,0.0,0.19798989873223335,0.19798989873223335,0.0,0.7853981633974485,0.7853981633974485,0.7853981633974485,0.7853981633974485,0.2800000000000001,0.2800000000000001,0.2800000000000001,0.2800000000000001
9.29999999999989,2.433941125496956,1.253941125496955,0.0,0.2121320343559643,0.2121320343559643,0.0,0.7853981633974485,0.7853981633974485,0.7853981633974485,0.7853981633974485,0.30000000000000004,0.30000000000000004,0.30000000000000004,0.30000000000000004
9.31999999999989,2.4384666088965496,1.2584666088965488,0.0,0.22627416997969527,0.22627416997969527,0.0,0.7853981633974485,0.7853981633974485,0.7853981633974485,0.7853981633974485,0.32000000000000006,0.32000000000000006,0.32000000000000006,0.32000000000000006
9.33999999999989,2.4432749350086183,1.2632749350086174,0.0,0.24041630560342622,0.24041630560342622,0.0,0.7853981633974485,0.7853981633974485,0.7853981633974485,0.7853981633974485,0.3400000000000001,0.3400000000000001,0.3400000000000001,0.3400000000000001
9.35999999999989,2.4483661038331612,1.2683661038331606,0.0,0.25455844122715715,0.25455844122715715,0.0,0.7853981633974485,0.7853981633974485,0.7853981633974485,0.7853981633974485,0.3600000000000001,0.3600000000000001,0.3600000000000001,0.3600000000000001
9.379999999999889,2.453740115370179,1.2737401153701784,0.0,0.2687005768508881,0.2687005768508881,0.0,0.7853981633974485,0.7853981633974485,0.7853981633974485,0.7853981633974485,0.38000000000000006,0.38000000000000006,0.38000000000000006,0.38000000000000006
9.399999999999888,2.4593969696196716,1.2793969696196708,0.0,0.28284271247461906,0.28284271247461906,0.0,0.7853981633974485,0.7853981633974485,0.7853981633974485,0.7853981633974485,0.4000000000000001,0.4000000000000001,0.4000000000000001,0.4000000000000001
9.419999999999888,2.4653366665816385,1.2853366665816377,0.0,0.29698484809835,0.29698484809835,0.0,0.7853981633974485,0.7853981633974485,0.7853981633974485,0.7853981633974485,0.42000000000000004,0.42000000000000004,0.42000000000000004,0.42000000000000004
9.439999999999888,2.4715592062560803,1.2915592062560792,0.0,0.311126983722081,0.311126983722081,0.0,0.7853981633974485,0.7853981633974485,0.7853981633974485,0.7853981633974485,0.44000000000000006,0.44000000000000006,0.44000000000000006,0.44000000000000006
9.459999999999887,2.4780645886429964,1.2980645886429956,0.0,0.32526911934581193,0.32526911934581193,0.0,0.7853981633974485,0.7853981633974485,0.7853981633974485,0.7853981633974485,0.4600000000000001,0.4600000000000001,0.4600000000000001,0.4600000000000001
9.479999999999887,2.4848528137423873,1.3048528137423865,0.0,0.3394112549695429,0.3394112549695429,0.0,0.7853981633974485,0.7853981633974485,0.7853981633974485,0.7853981633974485,0.4800000000000001,0.4800000000000001,0.4800000000000001,0.4800000000000001
9.499999999999886,2.4919238815542526,1.311923881554252,0.0,0.35355339059327384,0.35355339059327384,0.0,0.7853981633974485,0.7853981633974485,0.7853981633974485,0.7853981633974485,0.5000000000000001,0.5000000000000001,0.5000000000000001,0.5000000000000001
9.519999999999886,2.4992777920785927,1.319277792078592,0.0,0.3676955262170048,0.3676955262170048,0.0,0.7853981633974485,0.7853981633974485,0.7853981633974485,0.7853981633974485,0.5200000000000001,0.5200000000000001,0.5200000000000001,0.5200000000000001
9.539999999999885,2.5069145453154076,1.3269145453154068,0.0,0.38183766184073575,0.38183766184073575,0.0,0.7853981633974485,0.7853981633974485,0.7853981633974485,0.7853981633974485,0.5400000000000001,0.5400000000000001,0.5400000000000001,0.5400000000000001
9.559999999999885,2.514834141264697,1.334834141264696,0.0,0.3959797974644667,0.3959797974644667,0.0,0.7853981633974485,0.7853981633974485,0.7853981633974485,0.7853981633974485,0.5600000000000002,0.5600000000000002,0.5600000000000002,0.5600000000000002
9.579999999999885,2.522834141264697,1.342834141264696,0.0,0.4,0.4,0.0,0.7853981633974485,0.7853981633974485,0.7853981633974485,0.7853981633974485,0.565685424949238,0.565685424949238,0.565685424949238,0.565685424949238
9.599999999999884,2.530834141264697,1.350834141264696,0.0,0.4,0.4,0.0,0.7853981633974485,0.7853981633974485,0.7853981633974485,0.7853981633974485,0.565685424949238,0.565685424949238,0.565685424949238,0.565685424949238
9.619999999999884,2.538834141264697,1.358834141264696,0.0,0.4,0.4,0.0,0.7853981633974485,0.7853981633974485,0.7853981633974485,0.7853981633974485,0.565685424949238,0.565685424949238,0.565685424949238,0.565685424949238
9.639999999999883,2.546834141264697,1.366834141264696,0.0,0.4,0.4,0.0,0.7853981633974485,0.7853981633974485,0.7853981633974485,0.7853981633974485,0.565685424949238,0.565685424949238,0.565685424949238,0.565685424949238
9.659999999999883,2.554834141264697,1.374834141264696,0.0,0.4,0.4,0.0,0.7853981633974485,0.7853981633974485,0.7853981633974485,0.7853981633974485,0.565685424949238,0.565685424949238,0.565685424949238,0.565685424949238
9.679999999999882,2.562834141264697,1.382834141264696,0.0,0.4,0.4,0.0,0.7853981633974485,0.7853981633974485,0.7853981633974485,0.7853981633974485,0.565685424949238,0.565685424949238,0.565685424949238,0.565685424949238
9.699999999999882,2.570834141264697,1.390834141264696,0.0,0.4,0.4,0.0,0.7853981633974485,0.7853981633974485,0.7853981633974485,0.7853981633974485,0.565685424949238,0.565685424949238,0.565685424949238,0.565685424949238
9.719999999999882,2.578834141264697,1.398834141264696,0.0,0.4,0.4,0.0,0.7853981633974485,0.7853981633974485,0.7853981633974485,0.7853981633974485,0.565685424949238,0.565685424949238,0.565685424949238,0.565685424949238
9.739999999999881,2.586834141264697,1.406834141264696,0.0,0.4,0.4,0.0,0.7853981633974485,0.7853981633974485,0.7853981633974485,0.7853981633974485,0.565685424949238,0.565685424949238,0.565685424949238,0.565685424949238
9.75999999999988,2.594834141264697,1.414834141264696,0.0,0.4,0.4,0.0,0.7853981633974485,0.7853981633974485,0.7853981633974485,0.7853981633974485,0.565685424949238,0.565685424949238,0.565685424949238,0.565685424949238
9.77999999999988,2.602834141264697,1.422834141264696,0.0,0.4,0.4,0.0,0.7853981633974485,0.7853981633974485,0.7853981633974485,0.7853981633974485,0.565685424949238,0.565685424949238,0.565685424949238,0.565685424949238
9.79999999999988,2.610834141264697,1.430834141264696,0.0,0.4,0.4,0.0,0.7853981633974485,0.7853981633974485,0.7853981633974485,0.7853981633974485,0.565685424949238,0.565685424949238,0.565685424949238,0.565685424949238
9.81999999999988,2.618834141264697,1.438834141264696,0.0,0.4,0.4,0.0,0.7853981633974485,0.7853981633974485,0.7853981633974485,0.7853981633974485,0.565685424949238,0.565685424949238,0.565685424949238,0.565685424949238
9.839999999999879,2.626834141264697,1.4468341412646961,0.0,0.4,0.4,0.0,0.7853981633974485,0.7853981633974485,0.7853981633974485,0.7853981633974485,0.565685424949238,0.565685424949238,0.565685424949238,0.565685424949238
9.859999999999879,2.634834141264697,1.4548341412646961,0.0,0.4,0.4,0.0,0.7853981633974485,0.7853981633974485,0.7853981633974485,0.7853981633974485,0.565685424949238,0.565685424949238,0.565685424949238,0.565685424949238
9.879999999999878,2.642834141264697,1.4628341412646961,0.0,0.4,0.4,0.0,0.7853981633974485,0.7853981633974485,0.7853981633974485,0.7853981633974485,0.565685424949238,0.565685424949238,0.565685424949238,0.565685424949238
9.899999999999878,2.650834141264697,1.4708341412646961,0.0,0.4,0.4,0.0,0.7853981633974485,0.7853981633974485,0.7853981633974485,0.7853981633974485,0.565685424949238,0.565685424949238,0.565685424949238,0.565685424949238
9.919999999999877,2.658834141264697,1.4788341412646961,0.0,0.4,0.4,0.0,0.7853981633974485,0.7853981633974485,0.7853981633974485,0.7853981633974485,0.565685424949238,0.565685424949238,0.565685424949238,0.565685424949238
9.939999999999877,2.666834141264697,1.4868341412646962,0.0,0.4,0.4,0.0,0.7853981633974485,0.7853981633974485,0.7853981633974485,0.7853981633974485,0.565685424949238,0.565685424949238,0.565685424949238,0.565685424949238
9.959999999999877,2.674834141264697,1.4948341412646962,0.0,0.4,0.4,0.0,0.7853981633974485,0.7853981633974485,0.7853981633974485,0.7853981633974485,0.565685424949238,0.565685424949238,0.565685424949238,0.565685424949238
9.979999999999876,2.682834141264697,1.5028341412646962,0.0,0.4,0.4,0.0,0.7853981633974485,0.7853981633974485,0.7853981633974485,0.7853981633974485,0.565685424949238,0.565685424949238,0.565685424949238,0.565685424949238
9.999999999999876,2.690834141264697,1.5108341412646962,0.0,0.4,0.4,0.0,0.7853981633974485,0.7853981633974485,0.7853981633974485,0.7853981633974485,0.565685424949238,0.565685424949238,0.565685424949238,0.565685424949238
10.019999999999875,2.698834141264697,1.5188341412646962,0.0,0.4,0.4,0.0,0.7853981633974485,0.7853981633974485,0.7853981633974485,0.7853981633974485,0.565685424949238,0.565685424949238,0.565685424949238,0.565685424949238
10.039999999999875,2.706834141264697,1.5268341412646962,0.0,0.4,0.4,0.0,0.7853981633974485,0.7853981633974485,0.7853981633974485,0.7853981633974485,0.565685424949238,0.565685424949238,0.565685424949238,0.565685424949238
10.059999999999874,2.714834141264697,1.5348341412646962,0.0,0.4,0.4,0.0,0.7853981633974485,0.7853981633974485,0.7853981633974485,0.7853981633974485,0.565685424949238,0.565685424949238,0.565685424949238,0.565685424949238
10.079999999999874,2.722834141264697,1.5428341412646962,0.0,0.4,0.4,0.0,0.7853981633974485,0.7853981633974485,0.7853981633974485,0.7853981633974485,0.565685424949238,0.565685424949238,0.565685424949238,0.565685424949238
10.099999999999874,2.730834141264697,1.5508341412646962,0.0,0.4,0.4,0.0,0.7853981633974485,0.7853981633974485,0.7853981633974485,0.7853981633974485,0.565685424949238,0.565685424949238,0.565685424949238,0.565685424949238
10.119999999999873,2.738834141264697,1.5588341412646962,0.0,0.4,0.4,0.0,0.7853981633974485,0.7853981633974485,0.7853981633974485,0.7853981633974485,0.565685424949238,0.565685424949238,0.565685424949238,0.565685424949238
10.139999999999873,2.746834141264697,1.5668341412646962,0.0,0.4,0.4,0.0,0.7853981633974485,0.7853981633974485,0.7853981633974485,0.7853981633974485,0.565685424949238,0.565685424949238,0.565685424949238,0.565685424949238
10.159999999999872,2.754834141264697,1.5748341412646962,0.0,0.4,0.4,0.0,0.7853981633974485,0.7853981633974485,0.7853981633974485,0.7853981633974485,0.565685424949238,0.565685424949238,0.565685424949238,0.565685424949238
10.179999999999872,2.762834141264697,1.5828341412646962,0.0,0.4,0.4,0.0,0.7853981633974485,0.7853981633974485,0.7853981633974485,0.7853981633974485,0.565685424949238,0.565685424949238,0.565685424949238,0.565685424949238
10.199999999999871,2.770834141264697,1.5908341412646962,0.0,0.4,0.4,0.0,0.7853981633974485,0.7853981633974485,0.7853981633974485,0.7853981633974485,0.565685424949238,0.565685424949238,0.565685424949238,0.565685424949238
10.219999999999871,2.778834141264697,1.5988341412646963,0.0,0.4,0.4,0.0,0.7853981633974485,0.7853981633974485,0.7853981633974485,0.7853981633974485,0.565685424949238,0.565685424949238,0.565685424949238,0.565685424949238
10.23999999999987,2.786834141264697,1.6068341412646963,0.0,0.4,0.4,0.0,0.7853981633974485,0.7853981633974485,0.7853981633974485,0.7853981633974485,0.565685424949238,0.565685424949238,0.565685424949238,0.565685424949238
10.25999999999987,2.794834141264697,1.6148341412646963,0.0,0.4,0.4,0.0,0.7853981633974485,0.7853981633974485,0.7853981633974485,0.7853981633974485,0.565685424949238,0.565685424949238,0.565685424949238,0.565685424949238
10.27999999999987,2.802834141264697,1.6228341412646963,0.0,0.4,0.4,0.0,0.7853981633974485,0.7853981633974485,0.7853981633974485,0.7853981633974485,0.565685424949238,0.565685424949238,0.565685424949238,0.565685424949238
10.29999999999987,2.810834141264697,1.6308341412646963,0.0,0.4,0.4,0.0,0.7853981633974485,0.7853981633974485,0.7853981633974485,0.7853981633974485,0.565685424949238,0.565685424949238,0.565685424949238,0.565685424949238
10.319999999999869,2.818834141264697,1.6388341412646963,0.0,0.4,0.4,0.0,0.7853981633974485,0.7853981633974485,0.7853981633974485,0.7853981633974485,0.565685424949238,0.565685424949238,0.565685424949238,0.565685424949238
10.339999999999868,2.826834141264697,1.6468341412646963,0.0,0.4,0.4,0.0,0.7853981633974485,0.7853981633974485,0.7853981633974485,0.7853981633974485,0.565685424949238,0.565685424949238,0.565685424949238,0.565685424949238
10.359999999999868,2.834834141264697,1.6548341412646963,0.0,0.4,0.4,0.0,0.7853981633974485,0.7853981633974485,0.7853981633974485,0.7853981633974485,0.565685424949238,0.565685424949238,0.565685424949238,0.565685424949238
10.379999999999868,2.842834141264697,1.6628341412646963,0.0,0.4,0.4,0.0,0.7853981633974485,0.7853981633974485,0.7853981633974485,0.7853981633974485,0.565685424949238,0.565685424949238,0.565685424949238,0.565685424949238
10.399999999999867,2.850834141264697,1.6708341412646963,0.0,0.4,0.4,0.0,0.7853981633974485,0.7853981633974485,0.7853981633974485,0.7853981633974485,0.565685424949238,0.565685424949238,0.565685424949238,0.565685424949238
10.419999999999867,2.858834141264697,1.6788341412646963,0.0,0.4,0.4,0.0,0.7853981633974485,0.7853981633974485,0.7853981633974485,0.7853981633974485,0.565685424949238,0.565685424949238,0.565685424949238,0.565685424949238
10.439999999999866,2.866834141264697,1.6868341412646963,0.0,0.4,0.4,0.0,0.7853981633974485,0.7853981633974485,0.7853981633974485,0.7853981633974485,0.565685424949238,0.565685424949238,0.565685424949238,0.565685424949238
10.459999999999866,2.874834141264697,1.6948341412646963,0.0,0.4,0.4,0.0,0.7853981633974485,0.7853981633974485,0.7853981633974485,0.7853981633974485,0.565685424949238,0.565685424949238,0.565685424949238,0.565685424949238
10.479999999999865,2.882834141264697,1.7028341412646963,0.0,0.4,0.4,0.0,0.7853981633974485,0.7853981633974485,0.7853981633974485,0.7853981633974485,0.565685424949238,0.565685424949238,0.565685424949238,0.565685424949238
10.499999999999865,2.890834141264697,1.7108341412646964,0.0,0.4,0.4,0.0,0.7853981633974485,0.7853981633974485,0.7853981633974485,0.7853981633974485,0.565685424949238,0.565685424949238,0.565685424949238,0.565685424949238
10.519999999999865,2.898834141264697,1.7188341412646964,0.0,0.4,0.4,0.0,0.7853981633974485,0.7853981633974485,0.7853981633974485,0.7853981633974485,0.565685424949238,0.565685424949238,0.565685424949238,0.565685424949238
10.539999999999864,2.906834141264697,1.7268341412646964,0.0,0.4,0.4,0.0,0.7853981633974485,0.7853981633974485,0.7853981633974485,0.7853981633974485,0.565685424949238,0.565685424949238,0.565685424949238,0.565685424949238
10.559999999999864,2.914834141264697,1.7348341412646964,0.0,0.4,0.4,0.0,0.7853981633974485,0.7853981633974485,0.7853981633974485,0.7853981633974485,0.565685424949238,0.565685424949238,0.565685424949238,0.565685424949238
10.579999999999863,2.922834141264697,1.7428341412646964,0.0,0.4,0.4,0.0,0.7853981633974485,0.7853981633974485,0.7853981633974485,0.7853981633974485,0.565685424949238,0.565685424949238,0.565685424949238,0.565685424949238
10.599999999999863,2.930834141264697,1.7508341412646964,0.0,0.4,0.4,0.0,0.7853981633974485,0.7853981633974485,0.7853981633974485,0.7853981633974485,0.565685424949238,0.565685424949238,0.565685424949238,0.565685424949238
10.619999999999862,2.938834141264697,1.7588341412646964,0.0,0.4,0.4,0.0,0.7853981633974485,0.7853981633974485,0.7853981633974485,0.7853981633974485,0.565685424949238,0.565685424949238,0.565685424949238,0.565685424949238
10.639999999999862,2.9468341412646972,1.7668341412646964,0.0,0.4,0.4,0.0,0.7853981633974485,0.7853981633974485,0.7853981633974485,0.7853981633974485,0.565685424949238,0.565685424949238,0.565685424949238,0.565685424949238
10.659999999999862,2.9548341412646972,1.7748341412646964,0.0,0.4,0.4,0.0,0.7853981633974485,0.7853981633974485,0.7853981633974485,0.7853981633974485,0.565685424949238,0.565685424949238,0.565685424949238,0.565685424949238
10.679999999999861,2.9628341412646972,1.7828341412646964,0.0,0.4,0.4,0.0,0.7853981633974485,0.7853981633974485,0.7853981633974485,0.7853981633974485,0.565685424949238,0.565685424949238,0.565685424949238,0.565685424949238
10.69999999999986,2.9708341412646972,1.7908341412646964,0.0,0.4,0.4,0.0,0.7853981633974485,0.7853981633974485,0.7853981633974485,0.7853981633974485,0.565685424949238,0.565685424949238,0.565685424949238,0.565685424949238
10.71999999999986,2.9788341412646973,1.7988341412646964,0.0,0.4,0.4,0.0,0.7853981633974485,0.7853981633974485,0.7853981633974485,0.7853981633974485,0.565685424949238,0.565685424949238,0.565685424949238,0.565685424949238
10.73999999999986,2.9868341412646973,1.8068341412646964,0.0,0.4,0.4,0.0,0.7853981633974485,0.7853981633974485,0.7853981633974485,0.7853981633974485,0.565685424949238,0.565685424949238,0.565685424949238,0.565685424949238
10.75999999999986,2.9948341412646973,1.8148341412646964,0.0,0.4,0.4,0.0,0.7853981633974485,0.7853981633974485,0.7853981633974485,0.7853981633974485,0.565685424949238,0.565685424949238,0.565685424949238,0.565685424949238
10.779999999999859,3.0028341412646973,1.8228341412646965,0.0,0.4,0.4,0.0,0.7853981633974485,0.7853981633974485,0.7853981633974485,0.7853981633974485,0.565685424949238,0.565685424949238,0.565685424949238,0.565685424949238
10.799999999999859,3.0108341412646973,1.8308341412646965,0.0,0.4,0.4,0.0,0.7853981633974485,0.7853981633974485,0.7853981633974485,0.7853981633974485,0.565685424949238,0.565685424949238,0.565685424949238,0.565685424949238
10.819999999999858,3.0188341412646973,1.8388341412646965,0.0,0.4,0.4,0.0,0.7853981633974485,0.7853981633974485,0.7853981633974485,0.7853981633974485,0.565685424949238,0.565685424949238,0.565685424949238,0.565685424949238
10.839999999999858,3.0268341412646973,1.8468341412646965,0.0,0.4,0.4,0.0,0.7853981633974485,0.7853981633974485,0.7853981633974485,0.7853981633974485,0.565685424949238,0.565685424949238,0.565685424949238,0.565685424949238
10.859999999999857,3.0348341412646973,1.8548341412646965,0.0,0.4,0.4,0.0,0.7853981633974485,0.7853981633974485,0.7853981633974485,0.7853981633974485,0.565685424949238,0.565685424949238,0.565685424949238,0.565685424949238
10.879999999999857,3.0428341412646973,1.8628341412646965,0.0,0.4,0.4,0.0,0.7853981633974485,0.7853981633974485,0.7853981633974485,0.7853981633974485,0.565685424949238,0.565685424949238,0.565685424949238,0.565685424949238
10.899999999999856,3.0508341412646973,1.8708341412646965,0.0,0.4,0.4,0.0,0.7853981633974485,0.7853981633974485,0.7853981633974485,0.7853981633974485,0.565685424949238,0.565685424949238,0.565685424949238,0.565685424949238
10.919999999999856,3.0588341412646973,1.8788341412646965,0.0,0.4,0.4,0.0,0.7853981633974485,0.7853981633974485,0.7853981633974485,0.7853981633974485,0.565685424949238,0.565685424949238,0.565685424949238,0.565685424949238
10.939999999999856,3.0668341412646973,1.8868341412646965,0.0,0.4,0.4,0.0,0.7853981633974485,0.7853981633974485,0.7853981633974485,0.7853981633974485,0.565685424949238,0.565685424949238,0.565685424949238,0.565685424949238
10.959999999999855,3.0748341412646973,1.8948341412646965,0.0,0.4,0.4,0.0,0.7853981633974485,0.7853981633974485,0.7853981633974485,0.7853981633974485,0.565685424949238,0.565685424949238,0.565685424949238,0.565685424949238
10.979999999999855,3.0828341412646973,1.9028341412646965,0.0,0.4,0.4,0.0,0.7853981633974485,0.7853981633974485,0.7853981633974485,0.7853981633974485,0.565685424949238,0.565685424949238,0.565685424949238,0.565685424949238
10.999999999999854,3.0908341412646974,1.9108341412646965,0.0,0.4,0.4,0.0,0.7853981633974485,0.7853981633974485,0.7853981633974485,0.7853981633974485,0.565685424949238,0.565685424949238,0.565685424949238,0.565685424949238
11.019999999999854,3.0988341412646974,1.9188341412646965,0.0,0.4,0.4,0.0,0.7853981633974485,0.7853981633974485,0.7853981633974485,0.7853981633974485,0.565685424949238,0.565685424949238,0.565685424949238,0.565685424949238
11.039999999999853,3.1068341412646974,1.9268341412646965,0.0,0.4,0.4,0.0,0.7853981633974485,0.7853981633974485,0.7853981633974485,0.7853981633974485,0.565685424949238,0.565685424949238,0.565685424949238,0.565685424949238
11.059999999999853,3.1148341412646974,1.9348341412646965,0.0,0.4,0.4,0.0,0.7853981633974485,0.7853981633974485,0.7853981633974485,0.7853981633974485,0.565685424949238,0.565685424949238,0.565685424949238,0.565685424949238
11.079999999999853,3.1228341412646974,1.9428341412646966,0.0,0.4,0.4,0.0,0.7853981633974485,0.7853981633974485,0.7853981633974485,0.7853981633974485,0.565685424949238,0.565685424949238,0.565685424949238,0.565685424949238
11.099999999999852,3.1308341412646974,1.9508341412646966,0.0,0.4,0.4,0.0,0.7853981633974485,0.7853981633974485,0.7853981633974485,0.7853981633974485,0.565685424949238,0.565685424949238,0.565685424949238,0.565685424949238
11.119999999999852,3.1388341412646974,1.9588341412646966,0.0,0.4,0.4,0.0,0.7853981633974485,0.7853981633974485,0.7853981633974485,0.7853981633974485,0.565685424949238,0.565685424949238,0.565685424949238,0.565685424949238
11.139999999999851,3.1468341412646974,1.9668341412646966,0.0,0.4,0.4,0.0,0.7853981633974485,0.7853981633974485,0.7853981633974485,0.7853981633974485,0.565685424949238,0.565685424949238,0.565685424949238,0.565685424949238
11.159999999999851,3.1548341412646974,1.9748341412646966,0.0,0.4,0.4,0.0,0.7853981633974485,0.7853981633974485,0.7853981633974485,0.7853981633974485,0.565685424949238,0.565685424949238,0.565685424949238,0.565685424949238
11.17999999999985,3.1628341412646974,1.9828341412646966,0.0,0.4,0.4,0.0,0.7853981633974485,0.7853981633974485,0.7853981633974485,0.7853981633974485,0.565685424949238,0.565685424949238,0.565685424949238,0.565685424949238
11.19999999999985,3.1708341412646974,1.9908341412646966,0.0,0.4,0.4,0.0,0.7853981633974485,0.7853981633974485,0.7853981633974485,0.7853981633974485,0.565685424949238,0.565685424949238,0.565685424949238,0.565685424949238
11.21999999999985,3.1788341412646974,1.9988341412646966,0.0,0.4,0.4,0.0,0.7853981633974485,0.7853981633974485,0.7853981633974485,0.7853981633974485,0.565685424949238,0.565685424949238,0.565685424949238,0.565685424949238
11.23999999999985,3.1868341412646974,2.0068341412646964,0.0,0.4,0.4,0.0,0.7853981633974485,0.7853981633974485,0.7853981633974485,0.7853981633974485,0.565685424949238,0.565685424949238,0.565685424949238,0.565685424949238
11.259999999999849,3.1948341412646974,2.0148341412646964,0.0,0.4,0.4,0.0,0.7853981633974485,0.7853981633974485,0.7853981633974485,0.7853981633974485,0.565685424949238,0.565685424949238,0.565685424949238,0.565685424949238
11.279999999999848,3.2028341412646975,2.0228341412646964,0.0,0.4,0.4,0.0,0.7853981633974485,0.7853981633974485,0.7853981633974485,0.7853981633974485,0.565685424949238,0.565685424949238,0.565685424949238,0.565685424949238
11.299999999999848,3.2108341412646975,2.0308341412646964,0.0,0.4,0.4,0.0,0.7853981633974485,0.7853981633974485,0.7853981633974485,0.7853981633974485,0.565685424949238,0.565685424949238,0.565685424949238,0.565685424949238
11.319999999999848,3.2188341412646975,2.0388341412646964,0.0,0.4,0.4,0.0,0.7853981633974485,0.7853981633974485,0.7853981633974485,0.7853981633974485,0.565685424949238,0.565685424949238,0.565685424949238,0.565685424949238
11.339999999999847,3.2268341412646975,2.0468341412646964,0.0,0.4,0.4,0.0,0.7853981633974485,0.7853981633974485,0.7853981633974485,0.7853981633974485,0.565685424949238,0.565685424949238,0.565685424949238,0.565685424949238
11.359999999999847,3.2348341412646975,2.0548341412646964,0.0,0.4,0.4,0.0,0.7853981633974485,0.7853981633974485,0.7853981633974485,0.7853981633974485,0.565685424949238,0.565685424949238,0.565685424949238,0.565685424949238
11.379999999999846,3.2428341412646975,2.0628341412646964,0.0,0.4,0.4,0.0,0.7853981633974485,0.7853981633974485,0.7853981633974485,0.7853981633974485,0.565685424949238,0.565685424949238,0.565685424949238,0.565685424949238
11.399999999999846,3.2508341412646975,2.0708341412646964,0.0,0.4,0.4,0.0,0.7853981633974485,0.7853981633974485,0.7853981633974485,0.7853981633974485,0.565685424949238,0.565685424949238,0.565685424949238,0.565685424949238
11.419999999999845,3.2588341412646975,2.0788341412646965,0.0,0.4,0.4,0.0,0.7853981633974485,0.7853981633974485,0.7853981633974485,0.7853981633974485,0.565685424949238,0.565685424949238,0.565685424949238,0.565685424949238
11.439999999999845,3.2668341412646975,2.0868341412646965,0.0,0.4,0.4,0.0,0.7853981633974485,0.7853981633974485,0.7853981633974485,0.7853981633974485,0.565685424949238,0.565685424949238,0.565685424949238,0.565685424949238
11.459999999999845,3.2748341412646975,2.0948341412646965,0.0,0.4,0.4,0.0,0.7853981633974485,0.7853981633974485,0.7853981633974485,0.7853981633974485,0.565685424949238,0.565685424949238,0.565685424949238,0.565685424949238
11.479999999999844,3.2828341412646975,2.1028341412646965,0.0,0.4,0.4,0.0,0.7853981633974485,0.7853981633974485,0.7853981633974485,0.7853981633974485,0.565685424949238,0.565685424949238,0.565685424949238,0.565685424949238
11.499999999999844,3.2908341412646975,2.1108341412646965,0.0,0.4,0.4,0.0,0.7853981633974485,0.7853981633974485,0.7853981633974485,0.7853981633974485,0.565685424949238,0.565685424949238,0.565685424949238,0.565685424949238
11.519999999999843,3.2988341412646975,2.1188341412646965,0.0,0.4,0.4,0.0,0.7853981633974485,0.7853981633974485,0.7853981633974485,0.7853981633974485,0.565685424949238,0.565685424949238,0.565685424949238,0.565685424949238
11.539999999999843,3.3068341412646975,2.1268341412646965,0.0,0.4,0.4,0.0,0.7853981633974485,0.7853981633974485,0.7853981633974485,0.7853981633974485,0.565685424949238,0.565685424949238,0.565685424949238,0.565685424949238
11.559999999999842,3.3148341412646976,2.1348341412646965,0.0,0.4,0.4,0.0,0.7853981633974485,0.7853981633974485,0.7853981633974485,0.7853981633974485,0.565685424949238,0.565685424949238,0.565685424949238,0.565685424949238
11.579999999999842,3.3228341412646976,2.1428341412646965,0.0,0.4,0.4,0.0,0.7853981633974485,0.7853981633974485,0.7853981633974485,0.7853981633974485,0.565685424949238,0.565685424949238,0.565685424949238,0.565685424949238
11.599999999999842,3.3308341412646976,2.1508341412646965,0.0,0.4,0.4,0.0,0.7853981633974485,0.7853981633974485,0.7853981633974485,0.7853981633974485,0.565685424949238,0.565685424949238,0.565685424949238,0.565685424949238
11.619999999999841,3.3388341412646976,2.1588341412646965,0.0,0.4,0.4,0.0,0.7853981633974485,0.7853981633974485,0.7853981633974485,0.7853981633974485,0.565685424949238,0.565685424949238,0.565685424949238,0.565685424949238
11.63999999999984,3.3468341412646976,2.1668341412646965,0.0,0.4,0.4,0.0,0.7853981633974485,0.7853981633974485,0.7853981633974485,0.7853981633974485,0.565685424949238,0.565685424949238,0.565685424949238,0.565685424949238
11.65999999999984,3.3548341412646976,2.1748341412646965,0.0,0.4,0.4,0.0,0.7853981633974485,0.7853981633974485,0.7853981633974485,0.7853981633974485,0.565685424949238,0.565685424949238,0.565685424949238,0.565685424949238
11.67999999999984,3.3628341412646976,2.1828341412646965,0.0,0.4,0.4,0.0,0.7853981633974485,0.7853981633974485,0.7853981633974485,0.7853981633974485,0.565685424949238,0.565685424949238,0.565685424949238,0.565685424949238
11.69999999999984,3.3708341412646976,2.1908341412646966,0.0,0.4,0.4,0.0,0.7853981633974485,0.7853981633974485,0.7853981633974485,0.7853981633974485,0.565685424949238,0.565685424949238,0.565685424949238,0.565685424949238
11.719999999999839,3.3788341412646976,2.1988341412646966,0.0,0.4,0.4,0.0,0.7853981633974485,0.7853981633974485,0.7853981633974485,0.7853981633974485,0.565685424949238,0.565685424949238,0.565685424949238,0.565685424949238
11.739999999999839,3.3868341412646976,2.2068341412646966,0.0,0.4,0.4,0.0,0.7853981633974485,0.7853981633974485,0.7853981633974485,0.7853981633974485,0.565685424949238,0.565685424949238,0.565685424949238,0.565685424949238
11.759999999999838,3.3948341412646976,2.2148341412646966,0.0,0.4,0.4,0.0,0.7853981633974485,0.7853981633974485,0.7853981633974485,0.7853981633974485,0.565685424949238,0.565685424949238,0.565685424949238,0.565685424949238
11.779999999999838,3.4028341412646976,2.2228341412646966,0.0,0.4,0.4,0.0,0.7853981633974485,0.7853981633974485,0.7853981633974485,0.7853981633974485,0.565685424949238,0.565685424949238,0.565685424949238,0.565685424949238
11.799999999999837,3.4108341412646976,2.2308341412646966,0.0,0.4,0.4,0.0,0.7853981633974485,0.7853981633974485,0.7853981633974485,0.7853981633974485,0.565685424949238,0.565685424949238,0.565685424949238,0.565685424949238
11.819999999999837,3.4188341412646976,2.2388341412646966,0.0,0.4,0.4,0.0,0.7853981633974485,0.7853981633974485,0.7853981633974485,0.7853981633974485,0.565685424949238,0.565685424949238,0.565685424949238,0.565685424949238
11.839999999999836,3.4268341412646977,2.2468341412646966,0.0,0.4,0.4,0.0,0.7853981633974485,0.7853981633974485,0.7853981633974485,0.7853981633974485,0.565685424949238,0.565685424949238,0.565685424949238,0.565685424949238
11.859999999999836,3.4348341412646977,2.2548341412646966,0.0,0.4,0.4,0.0,0.7853981633974485,0.7853981633974485,0.7853981633974485,0.7853981633974485,0.565685424949238,0.565685424949238,0.565685424949238,0.565685424949238
11.879999999999836,3.4428341412646977,2.2628341412646966,0.0,0.4,0.4,0.0,0.7853981633974485,0.7853981633974485,0.7853981633974485,0.7853981633974485,0.565685424949238,0.565685424949238,0.565685424949238,0.565685424949238
11.899999999999835,3.4508341412646977,2.2708341412646966,0.0,0.4,0.4,0.0,0.7853981633974485,0.7853981633974485,0.7853981633974485,0.7853981633974485,0.565685424949238,0.565685424949238,0.565685424949238,0.565685424949238
11.919999999999835,3.4588341412646977,2.2788341412646966,0.0,0.4,0.4,0.0,0.7853981633974485,0.7853981633974485,0.7853981633974485,0.7853981633974485,0.565685424949238,0.565685424949238,0.565685424949238,0.565685424949238
11.939999999999834,3.4668341412646977,2.2868341412646966,0.0,0.4,0.4,0.0,0.7853981633974485,0.7853981633974485,0.7853981633974485,0.7853981633974485,0.565685424949238,0.565685424949238,0.565685424949238,0.565685424949238
11.959999999999834,3.4748341412646977,2.2948341412646966,0.0,0.4,0.4,0.0,0.7853981633974485,0.7853981633974485,0.7853981633974485,0.7853981633974485,0.565685424949238,0.565685424949238,0.565685424949238,0.565685424949238
11.979999999999833,3.4828341412646977,2.3028341412646967,0.0,0.4,0.4,0.0,0.7853981633974485,0.7853981633974485,0.7853981633974485,0.7853981633974485,0.565685424949238,0.565685424949238,0.565685424949238,0.565685424949238
11.999999999999833,3.4908341412646977,2.3108341412646967,0.0,0.4,0.4,0.0,0.7853981633974485,0.7853981633974485,0.7853981633974485,0.7853981633974485,0.565685424949238,0.565685424949238,0.565685424949238,0.565685424949238
12.019999999999833,3.4988341412646977,2.3188341412646967,0.0,0.4,0.4,0.0,0.7853981633974485,0.7853981633974485,0.7853981633974485,0.7853981633974485,0.565685424949238,0.565685424949238,0.565685424949238,0.565685424949238
12.039999999999832,3.506551298552223,2.326551298552222,0.0,0.38585786437626907,0.38585786437626907,0.0,0.7853981633974485,0.7853981633974485,0.7853981633974485,0.7853981633974485,0.545685424949238,0.545685424949238,0.545685424949238,0.545685424949238
12.059999999999832,3.5139856131272738,2.3339856131272727,0.0,0.3717157287525381,0.3717157287525381,0.0,0.7853981633974485,0.7853981633974485,0.7853981633974485,0.7853981633974485,0.525685424949238,0.525685424949238,0.525685424949238,0.525685424949238
12.079999999999831,3.52113708498985,2.3411370849898487,0.0,0.35757359312880715,0.35757359312880715,0.0,0.7853981633974485,0.7853981633974485,0.7853981633974485,0.7853981633974485,0.505685424949238,0.505685424949238,0.505685424949238,0.505685424949238
12.099999999999831,3.5280057141399515,2.3480057141399504,0.0,0.3434314575050762,0.3434314575050762,0.0,0.7853981633974485,0.7853981633974485,0.7853981633974485,0.7853981633974485,0.485685424949238,0.485685424949238,0.485685424949238,0.485685424949238
12.11999999999983,3.5345915005775783,2.3545915005775773,0.0,0.32928932188134524,0.32928932188134524,0.0,0.7853981633974485,0.7853981633974485,0.7853981633974485,0.7853981633974485,0.46568542494923804,0.46568542494923804,0.46568542494923804,0.46568542494923804
12.13999999999983,3.540894444302731,2.3608944443027298,0.0,0.3151471862576143,0.3151471862576143,0.0,0.7853981633974485,0.7853981633974485,0.7853981633974485,0.7853981633974485,0.445685424949238,0.445685424949238,0.445685424949238,0.445685424949238
12.15999999999983,3.5469145453154085,2.3669145453154075,0.0,0.30100505063388333,0.30100505063388333,0.0,0.7853981633974485,0.7853981633974485,0.7853981633974485,0.7853981633974485,0.425685424949238,0.425685424949238,0.425685424949238,0.425685424949238
12.17999999999983,3.5526518036156114,2.3726518036156103,0.0,0.2868629150101524,0.2868629150101524,0.0,0.7853981633974485,0.7853981633974485,0.7853981633974485,0.7853981633974485,0.405685424949238,0.405685424949238,0.405685424949238,0.405685424949238
12.199999999999829,3.55810621920334,2.378106219203339,0.0,0.2727207793864214,0.2727207793864214,0.0,0.7853981633974485,0.7853981633974485,0.7853981633974485,0.7853981633974485,0.38568542494923796,0.38568542494923796,0.38568542494923796,0.38568542494923796
12.219999999999828,3.5632777920785936,2.3832777920785926,0.0,0.25857864376269046,0.25857864376269046,0.0,0.7853981633974485,0.7853981633974485,0.7853981633974485,0.7853981633974485,0.36568542494923795,0.36568542494923795,0.36568542494923795,0.36568542494923795
12.239999999999828,3.568166522241373,2.388166522241372,0.0,0.2444365081389595,0.2444365081389595,0.0,0.7853981633974485,0.7853981633974485,0.7853981633974485,0.7853981633974485,0.34568542494923793,0.34568542494923793,0.34568542494923793,0.34568542494923793
12.259999999999827,3.5727724096916775,2.3927724096916765,0.0,0.23029437251522855,0.23029437251522855,0.0,0.7853981633974485,0.7853981633974485,0.7853981633974485,0.7853981633974485,0.3256854249492379,0.3256854249492379,0.3256854249492379,0.3256854249492379
12.279999999999827,3.5770954544295073,2.3970954544295062,0.0,0.2161522368914976,0.2161522368914976,0.0,0.7853981633974485,0.7853981633974485,0.7853981633974485,0.7853981633974485,0.30568542494923795,0.30568542494923795,0.30568542494923795,0.30568542494923795
12.299999999999827,3.5811356564548626,2.4011356564548616,0.0,0.20201010126776664,0.20201010126776664,0.0,0.7853981633974485,0.7853981633974485,0.7853981633974485,0.7853981633974485,0.28568542494923793,0.28568542494923793,0.28568542494923793,0.28568542494923793
12.319999999999826,3.584893015767743,2.404893015767742,0.0,0.18786796564403568,0.18786796564403568,0.0,0.7853981633974485,0.7853981633974485,0.7853981633974485,0.7853981633974485,0.2656854249492379,0.2656854249492379,0.2656854249492379,0.2656854249492379
12.339999999999826,3.5883675323681494,2.4083675323681484,0.0,0.17372583002030473,0.17372583002030473,0.0,0.7853981633974485,0.7853981633974485,0.7853981633974485,0.7853981633974485,0.24568542494923792,0.24568542494923792,0.24568542494923792,0.24568542494923792
12.359999999999825,3.591559206256081,2.41155920625608,0.0,0.15958369439657377,0.15958369439657377,0.0,0.7853981633974485,0.7853981633974485,0.7853981633974485,0.7853981633974485,0.22568542494923793,0.22568542494923793,0.22568542494923793,0.22568542494923793
12.379999999999825,3.594468037431538,2.414468037431537,0.0,0.14544155877284282,0.14544155877284282,0.0,0.7853981633974485,0.7853981633974485,0.7853981633974485,0.7853981633974485,0.20568542494923792,0.20568542494923792,0.20568542494923792,0.20568542494923792
12.399999999999824,3.59709402589452,2.417094025894519,0.0,0.13129942314911186,0.13129942314911186,0.0,0.7853981633974485,0.7853981633974485,0.7853981633974485,0.7853981633974485,0.1856854249492379,0.1856854249492379,0.1856854249492379,0.1856854249492379
12.419999999999824,3.5994371716450275,2.4194371716450265,0.0,0.11715728752538092,0.11715728752538092,0.0,0.7853981633974485,0.7853981633974485,0.7853981633974485,0.7853981633974485,0.16568542494923794,0.16568542494923794,0.16568542494923794,0.16568542494923794
12.439999999999824,3.6014974746830606,2.4214974746830595,0.0,0.10301515190164996,0.10301515190164996,0.0,0.7853981633974485,0.7853981633974485,0.7853981633974485,0.7853981633974485,0.14568542494923792,0.14568542494923792,0.14568542494923792,0.14568542494923792
12.459999999999823,3.603274935008619,2.423274935008618,0.0,0.08887301627791902,0.08887301627791902,0.0,0.7853981633974485,0.7853981633974485,0.7853981633974485,0.7853981633974485,0.12568542494923793,0.12568542494923793,0.12568542494923793,0.12568542494923793
12.479999999999823,3.6047695526217027,2.4247695526217017,0.0,0.07473088065418808,0.07473088065418808,0.0,0.7853981633974485,0.7853981633974485,0.7853981633974485,0.7853981633974485,0.10568542494923794,0.10568542494923794,0.10568542494923794,0.10568542494923794
12.499999999999822,3.605981327522312,2.4259813275223108,0.0,0.06058874503045713,0.06058874503045713,0.0,0.7853981633974485,0.7853981633974485,0.7853981633974485,0.7853981633974485,0.08568542494923795,0.08568542494923795,0.08568542494923795,0.08568542494923795
12.519999999999822,3.6069102597104465,2.4269102597104455,0.0,0.04644660940672618,0.04644660940672618,0.0,0.7853981633974485,0.7853981633974485,0.7853981633974485,0.7853981633974485,0.06568542494923793,0.06568542494923793,0.06568542494923793,0.06568542494923793
12.539999999999822,3.6075563491861065,2.4275563491861054,0.0,0.03230447378299523,0.03230447378299523,0.0,0.7853981633974485,0.7853981633974485,0.7853981633974485,0.7853981633974485,0.04568542494923794,0.04568542494923794,0.04568542494923794,0.04568542494923794
12.559999999999821,3.6079195959492916,2.4279195959492905,0.0,0.018162338159264282,0.018162338159264282,0.0,0.7853981633974485,0.7853981633974485,0.7853981633974485,0.7853981633974485,0.025685424949237944,0.025685424949237944,0.025685424949237944,0.025685424949237944
12.57999999999982,3.6080000000000023,2.4280000000000013,0.0,0.004020202535533332,0.004020202535533332,0.0,0.7853981633974485,0.7853981633974485,0.7853981633974485,0.7853981633974485,0.005685424949237941,0.005685424949237941,0.005685424949237941,0.005685424949237941
12.59999999999982,3.6080000000000023,2.4280000000000013,0.0,0.0,0.0,0.0,0.8168140899333465,0.8168140899333465,0.8168140899333465,0.8168140899333465,0.0,0.0,0.0,0.0
12.61999999999982,3.6080000000000023,2.4280000000000013,0.0,0.0,0.0,0.0,0.8482300164692445,0.844153986113171,0.844153986113171,0.8482300164692445,0.0,0.0,0.0,0.0
12.63999999999982,3.6080000000000023,2.4280000000000013,0.0,0.0,0.0,0.0,0.8796459430051424,0.844153986113171,0.844153986113171,0.8796459430051424,0.0,0.0,0.0,0.0
12.659999999999819,3.6080000000000023,2.4280000000000013,0.0,0.0,0.0,0.0,0.9110618695410404,0.844153986113171,0.844153986113171,0.9110618695410404,0.0,0.0,0.0,0.0
12.679999999999819,3.6080000000000023,2.4280000000000013,0.0,0.0,0.0,0.0,0.9424777960769384,0.844153986113171,0.844153986113171,0.9424777960769384,0.0,0.0,0.0,0.0
12.699999999999818,3.6080000000000023,2.4280000000000013,0.0,0.0,0.0,0.0,0.9738937226128364,0.844153986113171,0.844153986113171,0.9738937226128364,0.0,0.0,0.0,0.0
12.719999999999818,3.6080000000000023,2.4280000000000013,0.0,0.0,0.0,0.0,1.0053096491487343,0.844153986113171,0.844153986113171,1.0053096491487343,0.0,0.0,0.0,0.0
12.739999999999817,3.6080000000000023,2.4280000000000013,0.0,0.0,0.0,0.0,1.0367255756846323,0.844153986113171,0.844153986113171,1.0367255756846323,0.0,0.0,0.0,0.0
12.759999999999817,3.6080000000000023,2.4280000000000013,0.0,0.0,0.0,0.0,1.0681415022205303,0.844153986113171,0.844153986113171,1.0681415022205303,0.0,0.0,0.0,0.0
12.779999999999816,3.6080000000000023,2.4280000000000013,0.0,0.0,0.0,0.0,1.0995574287564283,0.844153986113171,0.844153986113171,1.0995574287564283,0.0,0.0,0.0,0.0
12.799999999999816,3.6080000000000023,2.4280000000000013,0.0,0.0,0.0,0.0,1.1309733552923262,0.844153986113171,0.844153986113171,1.1309733552923262,0.0,0.0,0.0,0.0
12.819999999999816,3.6080000000000023,2.4280000000000013,0.0,0.0,0.0,0.0,1.1623892818282242,0.844153986113171,0.844153986113171,1.1623892818282242,0.0,0.0,0.0,0.0
12.839999999999815,3.6080000000000023,2.4280000000000013,0.0,0.0,0.0,0.0,1.1938052083641222,0.844153986113171,0.844153986113171,1.1938052083641222,0.0,0.0,0.0,0.0
12.859999999999815,3.6080000000000023,2.4280000000000013,0.0,0.0,0.0,0.0,1.2252211349000202,0.844153986113171,0.844153986113171,1.2252211349000202,0.0,0.0,0.0,0.0
12.879999999999814,3.6080000000000023,2.4280000000000013,0.0,0.0,0.0,0.0,1.2566370614359181,0.844153986113171,0.844153986113171,1.2566370614359181,0.0,0.0,0.0,0.0
12.899999999999814,3.6080000000000023,2.4280000000000013,0.0,0.0,0.0,0.0,1.288052987971816,0.844153986113171,0.844153986113171,1.288052987971816,0.0,0.0,0.0,0.0
12.919999999999813,3.6080000000000023,2.4280000000000013,0.0,0.0,0.0,0.0,1.319468914507714,0.844153986113171,0.844153986113171,1.319468914507714,0.0,0.0,0.0,0.0
12.939999999999813,3.6080000000000023,2.4280000000000013,0.0,0.0,0.0,0.0,1.350884841043612,0.844153986113171,0.844153986113171,1.350884841043612,0.0,0.0,0.0,0.0
12.959999999999813,3.6080000000000023,2.4280000000000013,0.0,0.0,0.0,0.0,1.38230076757951,0.844153986113171,0.844153986113171,1.38230076757951,0.0,0.0,0.0,0.0
12.979999999999812,3.6080000000000023,2.4280000000000013,0.0,0.0,0.0,0.0,1.413716694115408,0.844153986113171,0.844153986113171,1.413716694115408,0.0,0.0,0.0,0.0
12.999999999999812,3.6080000000000023,2.4280000000000013,0.0,0.0,0.0,0.0,1.445132620651306,0.844153986113171,0.844153986113171,1.445132620651306,0.0,0.0,0.0,0.0
13.019999999999811,3.6080000000000023,2.4280000000000013,0.0,0.0,0.0,0.0,1.476548547187204,0.844153986113171,0.844153986113171,1.476548547187204,0.0,0.0,0.0,0.0
13.03999999999981,3.6080000000000023,2.4280000000000013,0.0,0.0,0.0,0.0,1.507964473723102,0.844153986113171,0.844153986113171,1.507964473723102,0.0,0.0,0.0,0.0
13.05999999999981,3.6080000000000023,2.4280000000000013,0.0,0.0,0.0,0.0,1.539380400259,0.844153986113171,0.844153986113171,1.539380400259,0.0,0.0,0.0,0.0
13.07999999999981,3.6080000000000023,2.4280000000000013,0.0,0.0,0.0,0.0,1.570796326794898,0.844153986113171,0.844153986113171,1.570796326794898,0.0,0.0,0.0,0.0
13.09999999999981,3.6080000000000023,2.4280000000000013,0.0,0.0,0.0,0.0,1.6022122533307959,0.844153986113171,0.844153986113171,1.6022122533307959,0.0,0.0,0.0,0.0
13.11999999999981,3.6080000000000023,2.4280000000000013,0.0,0.0,0.0,0.0,1.6336281798666938,0.844153986113171,0.844153986113171,1.6336281798666938,0.0,0.0,0.0,0.0
13.139999999999809,3.6080000000000023,2.4280000000000013,0.0,0.0,0.0,0.0,1.6650441064025918,0.844153986113171,0.844153986113171,1.6650441064025918,0.0,0.0,0.0,0.0
13.159999999999808,3.6080000000000023,2.4280000000000013,0.0,0.0,0.0,0.0,1.6964600329384898,0.844153986113171,0.844153986113171,1.6964600329384898,0.0,0.0,0.0,0.0
13.179999999999808,3.6080000000000023,2.4280000000000013,0.0,0.0,0.0,0.0,1.7278759594743878,0.844153986113171,0.844153986113171,1.7278759594743878,0.0,0.0,0.0,0.0
13.199999999999807,3.6080000000000023,2.4280000000000013,0.0,0.0,0.0,0.0,1.7592918860102857,0.844153986113171,0.844153986113171,1.7592918860102857,0.0,0.0,0.0,0.0
13.219999999999807,3.6080000000000023,2.4280000000000013,0.0,0.0,0.0,0.0,1.7907078125461837,0.844153986113171,0.844153986113171,1.7907078125461837,0.0,0.0,0.0,0.0
13.239999999999807,3.6080000000000023,2.4280000000000013,0.0,0.0,0.0,0.0,1.8221237390820817,0.844153986113171,0.844153986113171,1.8221237390820817,0.0,0.0,0.0,0.0
13.259999999999806,3.6080000000000023,2.4280000000000013,0.0,0.0,0.0,0.0,1.8535396656179797,0.844153986113171,0.844153986113171,1.8535396656179797,0.0,0.0,0.0,0.0
13.279999999999806,3.6080000000000023,2.4280000000000013,0.0,0.0,0.0,0.0,1.8849555921538776,0.844153986113171,0.844153986113171,1.8849555921538776,0.0,0.0,0.0,0.0
13.299999999999805,3.6080000000000023,2.4280000000000013,0.0,0.0,0.0,0.0,1.9163715186897756,0.844153986113171,0.844153986113171,1.9163715186897756,0.0,0.0,0.0,0.0
13.319999999999805,3.6080000000000023,2.4280000000000013,0.0,0.0,0.0,0.0,1.9477874452256736,0.844153986113171,0.844153986113171,1.9477874452256736,0.0,0.0,0.0,0.0
13.339999999999804,3.6080000000000023,2.4280000000000013,0.0,0.0,0.0,0.0,1.9792033717615716,0.844153986113171,0.844153986113171,1.9792033717615716,0.0,0.0,0.0,0.0
13.359999999999804,3.6080000000000023,2.4280000000000013,0.0,0.0,0.0,0.0,2.0106192982974695,0.844153986113171,0.844153986113171,2.0106192982974695,0.0,0.0,0.0,0.0
13.379999999999804,3.6080000000000023,2.4280000000000013,0.0,0.0,0.0,0.0,2.0420352248333673,0.844153986113171,0.844153986113171,2.0420352248333673,0.0,0.0,0.0,0.0
13.399999999999803,3.6080000000000023,2.4280000000000013,0.0,0.0,0.0,0.0,2.073451151369265,0.844153986113171,0.844153986113171,2.073451151369265,0.0,0.0,0.0,0.0
13.419999999999803,3.6080000000000023,2.4280000000000013,0.0,0.0,0.0,0.0,2.104867077905163,0.844153986113171,0.844153986113171,2.104867077905163,0.0,0.0,0.0,0.0
13.439999999999802,3.6080000000000023,2.4280000000000013,0.0,0.0,0.0,0.0,2.1362830044410606,0.844153986113171,0.844153986113171,2.1362830044410606,0.0,0.0,0.0,0.0
13.459999999999802,3.6080000000000023,2.4280000000000013,0.0,0.0,0.0,0.0,2.1676989309769583,0.844153986113171,0.844153986113171,2.1676989309769583,0.0,0.0,0.0,0.0
13.479999999999801,3.6080000000000023,2.4280000000000013,0.0,0.0,0.0,0.0,2.199114857512856,0.844153986113171,0.844153986113171,2.199114857512856,0.0,0.0,0.0,0.0
13.499999999999801,3.6080000000000023,2.4280000000000013,0.0,0.0,0.0,0.0,2.230530784048754,0.844153986113171,0.844153986113171,2.230530784048754,0.0,0.0,0.0,0.0
13.5199999999998,3.6080000000000023,2.4280000000000013,0.0,0.0,0.0,0.0,2.2619467105846516,0.844153986113171,0.844153986113171,2.2619467105846516,0.0,0.0,0.0,0.0
13.5399999999998,3.6080000000000023,2.4280000000000013,0.0,0.0,0.0,0.0,2.2933626371205493,0.844153986113171,0.844153986113171,2.2933626371205493,0.0,0.0,0.0,0.0
13.5599999999998,3.6080000000000023,2.4280000000000013,0.0,0.0,0.0,0.0,2.297438667476622,0.844153986113171,0.844153986113171,2.297438667476622,0.0,0.0,0.0,0.0
13.5799999999998,3.6080000000000023,2.4280000000000013,0.0012566370614359175,0.0,0.0,0.06283185307179587,2.297438667476622,0.844153986113171,0.844153986113171,2.297438667476622,0.01891489253312028,0.01891489253312028,-0.01891489253312028,-0.01891489253312028
13.599999999999799,3.6080000000000023,2.4280000000000013,0.003769911184307752,0.0,0.0,0.12566370614359174,2.297438667476622,0.844153986113171,0.844153986113171,2.297438667476622,0.03782978506624056,0.03782978506624056,-0.03782978506624056,-0.03782978506624056
13.619999999999798,3.6080000000000023,2.4280000000000013,0.007539822368615504,0.0,0.0,0.1884955592153876,2.297438667476622,0.844153986113171,0.844153986113171,2.297438667476622,0.056744677599360846,0.056744677599360846,-0.056744677599360846,-0.056744677599360846
13.639999999999798,3.6080000000000023,2.4280000000000013,0.012566370614359175,0.0,0.0,0.25132741228718347,2.297438667476622,0.844153986113171,0.844153986113171,2.297438667476622,0.07565957013248112,0.07565957013248112,-0.07565957013248112,-0.07565957013248112
13.659999999999798,3.6080000000000023,2.4280000000000013,0.018849555921538762,0.0,0.0,0.3141592653589793,2.297438667476622,0.844153986113171,0.844153986113171,2.297438667476622,0.09457446266560139,0.09457446266560139,-0.09457446266560139,-0.09457446266560139
13.679999999999797,3.6080000000000023,2.4280000000000013,0.026389378290154267,0.0,0.0,0.37699111843077515,2.297438667476622,0.844153986113171,0.844153986113171,2.297438667476622,0.11348935519872166,0.11348935519872166,-0.11348935519872166,-0.11348935519872166
13.699999999999797,3.6080000000000023,2.4280000000000013,0.035185837720205684,0.0,0.0,0.439822971502571,2.297438667476622,0.844153986113171,0.844153986113171,2.297438667476622,0.13240424773184192,0.13240424773184192,-0.13240424773184192,-0.13240424773184192
13.719999999999796,3.6080000000000023,2.4280000000000013,0.04523893421169302,0.0,0.0,0.5026548245743668,2.297438667476622,0.844153986113171,0.844153986113171,2.297438667476622,0.15131914026496218,0.15131914026496218,-0.15131914026496218,-0.15131914026496218
13.739999999999796,3.6080000000000023,2.4280000000000013,0.05654866776461627,0.0,0.0,0.5654866776461627,2.297438667476622,0.844153986113171,0.844153986113171,2.297438667476622,0.17023403279808247,0.17023403279808247,-0.17023403279808247,-0.17023403279808247
13.759999999999796,3.6080000000000023,2.4280000000000013,0.06911503837897544,0.0,0.0,0.6283185307179585,2.297438667476622,0.844153986113171,0.844153986113171,2.297438667476622,0.18914892533120276,0.18914892533120276,-0.18914892533120276,-0.18914892533120276
13.779999999999795,3.6080000000000023,2.4280000000000013,0.08293804605477052,0.0,0.0,0.6911503837897544,2.297438667476622,0.844153986113171,0.844153986113171,2.297438667476622,0.20806381786432304,0.20806381786432304,-0.20806381786432304,-0.20806381786432304
13.799999999999795,3.6080000000000023,2.4280000000000013,0.09693804605477052,0.0,0.0,0.7,2.297438667476622,0.844153986113171,0.844153986113171,2.297438667476622,0.21072790512886516,0.21072790512886516,-0.21072790512886516,-0.21072790512886516
13.819999999999794,3.6080000000000023,2.4280000000000013,0.11093804605477052,0.0,0.0,0.7,2.297438667476622,0.844153986113171,0.844153986113171,2.297438667476622,0.21072790512886516,0.21072790512886516,-0.21072790512886516,-0.21072790512886516
13.839999999999794,3.6080000000000023,2.4280000000000013,0.12493804605477052,0.0,0.0,0.7,2.297438667476622,0.844153986113171,0.844153986113171,2.297438667476622,0.21072790512886516,0.21072790512886516,-0.21072790512886516,-0.21072790512886516
13.859999999999793,3.6080000000000023,2.4280000000000013,0.1389380460547705,0.0,0.0,0.7,2.297438667476622,0.844153986113171,0.844153986113171,2.297438667476622,0.21072790512886516,0.21072790512886516,-0.21072790512886516,-0.21072790512886516
13.879999999999793,3.6080000000000023,2.4280000000000013,0.15293804605477052,0.0,0.0,0.7,2.297438667476622,0.844153986113171,0.844153986113171,2.297438667476622,0.21072790512886516,0.21072790512886516,-0.21072790512886516,-0.21072790512886516
13.899999999999793,3.6080000000000023,2.4280000000000013,0.16693804605477053,0.0,0.0,0.7,2.297438667476622,0.844153986113171,0.844153986113171,2.297438667476622,0.21072790512886516,0.21072790512886516,-0.21072790512886516,-0.21072790512886516
13.919999999999792,3.6080000000000023,2.4280000000000013,0.18093804605477054,0.0,0.0,0.7,2.297438667476622,0.844153986113171,0.844153986113171,2.297438667476622,0.21072790512886516,0.21072790512886516,-0.21072790512886516,-0.21072790512886516
13.939999999999792,3.6080000000000023,2.4280000000000013,0.19493804605477055,0.0,0.0,0.7,2.297438667476622,0.844153986113171,0.844153986113171,2.297438667476622,0.21072790512886516,0.21072790512886516,-0.21072790512886516,-0.21072790512886516
13.959999999999791,3.6080000000000023,2.4280000000000013,0.20893804605477057,0.0,0.0,0.7,2.297438667476622,0.844153986113171,0.844153986113171,2.297438667476622,0.21072790512886516,0.21072790512886516,-0.21072790512886516,-0.21072790512886516
13.97999999999979,3.6080000000000023,2.4280000000000013,0.22293804605477058,0.0,0.0,0.7,2.297438667476622,0.844153986113171,0.844153986113171,2.297438667476622,0.21072790512886516,0.21072790512886516,-0.21072790512886516,-0.21072790512886516
13.99999999999979,3.6080000000000023,2.4280000000000013,0.2369380460547706,0.0,0.0,0.7,2.297438667476622,0.844153986113171,0.844153986113171,2.297438667476622,0.21072790512886516,0.21072790512886516,-0.21072790512886516,-0.21072790512886516
14.01999999999979,3.6080000000000023,2.4280000000000013,0.2509380460547706,0.0,0.0,0.7,2.297438667476622,0.844153986113171,0.844153986113171,2.297438667476622,0.21072790512886516,0.21072790512886516,-0.21072790512886516,-0.21072790512886516
14.03999999999979,3.6080000000000023,2.4280000000000013,0.2649380460547706,0.0,0.0,0.7,2.297438667476622,0.844153986113171,0.844153986113171,2.297438667476622,0.21072790512886516,0.21072790512886516,-0.21072790512886516,-0.21072790512886516
14.059999999999789,3.6080000000000023,2.4280000000000013,0.2789380460547706,0.0,0.0,0.7,2.297438667476622,0.844153986113171,0.844153986113171,2.297438667476622,0.21072790512886516,0.21072790512886516,-0.21072790512886516,-0.21072790512886516
14.079999999999789,3.6080000000000023,2.4280000000000013,0.29293804605477064,0.0,0.0,0.7,2.297438667476622,0.844153986113171,0.844153986113171,2.297438667476622,0.21072790512886516,0.21072790512886516,-0.21072790512886516,-0.21072790512886516
14.099999999999788,3.6080000000000023,2.4280000000000013,0.30693804605477065,0.0,0.0,0.7,2.297438667476622,0.844153986113171,0.844153986113171,2.297438667476622,0.21072790512886516,0.21072790512886516,-0.21072790512886516,-0.21072790512886516
14.119999999999788,3.6080000000000023,2.4280000000000013,0.32093804605477066,0.0,0.0,0.7,2.297438667476622,0.844153986113171,0.844153986113171,2.297438667476622,0.21072790512886516,0.21072790512886516,-0.21072790512886516,-0.21072790512886516
14.139999999999787,3.6080000000000023,2.4280000000000013,0.3349380460547707,0.0,0.0,0.7,2.297438667476622,0.844153986113171,0.844153986113171,2.297438667476622,0.21072790512886516,0.21072790512886516,-0.21072790512886516,-0.21072790512886516
14.159999999999787,3.6080000000000023,2.4280000000000013,0.3489380460547707,0.0,0.0,0.7,2.297438667476622,0.844153986113171,0.844153986113171,2.297438667476622,0.21072790512886516,0.21072790512886516,-0.21072790512886516,-0.21072790512886516
14.179999999999787,3.6080000000000023,2.4280000000000013,0.3629380460547707,0.0,0.0,0.7,2.297438667476622,0.844153986113171,0.844153986113171,2.297438667476622,0.21072790512886516,0.21072790512886516,-0.21072790512886516,-0.21072790512886516
14.199999999999786,3.6080000000000023,2.4280000000000013,0.3769380460547707,0.0,0.0,0.7,2.297438667476622,0.844153986113171,0.844153986113171,2.297438667476622,0.21072790512886516,0.21072790512886516,-0.21072790512886516,-0.21072790512886516
14.219999999999786,3.6080000000000023,2.4280000000000013,0.3909380460547707,0.0,0.0,0.7,2.297438667476622,0.844153986113171,0.844153986113171,2.297438667476622,0.21072790512886516,0.21072790512886516,-0.21072790512886516,-0.21072790512886516
14.239999999999785,3.6080000000000023,2.4280000000000013,0.40493804605477074,0.0,0.0,0.7,2.297438667476622,0.844153986113171,0.844153986113171,2.297438667476622,0.21072790512886516,0.21072790512886516,-0.21072790512886516,-0.21072790512886516
14.259999999999785,3.6080000000000023,2.4280000000000013,0.41893804605477075,0.0,0.0,0.7,2.297438667476622,0.844153986113171,0.844153986113171,2.297438667476622,0.21072790512886516,0.21072790512886516,-0.21072790512886516,-0.21072790512886516
14.279999999999784,3.6080000000000023,2.4280000000000013,0.43293804605477076,0.0,0.0,0.7,2.297438667476622,0.844153986113171,0.844153986113171,2.297438667476622,0.21072790512886516,0.21072790512886516,-0.21072790512886516,-0.21072790512886516
14.299999999999784,3.6080000000000023,2.4280000000000013,0.4469380460547708,0.0,0.0,0.7,2.297438667476622,0.844153986113171,0.844153986113171,2.297438667476622,0.21072790512886516,0.21072790512886516,-0.21072790512886516,-0.21072790512886516
14.319999999999784,3.6080000000000023,2.4280000000000013,0.4609380460547708,0.0,0.0,0.7,2.297438667476622,0.844153986113171,0.844153986113171,2.297438667476622,0.21072790512886516,0.21072790512886516,-0.21072790512886516,-0.21072790512886516
14.339999999999783,3.6080000000000023,2.4280000000000013,0.4749380460547708,0.0,0.0,0.7,2.297438667476622,0.844153986113171,0.844153986113171,2.297438667476622,0.21072790512886516,0.21072790512886516,-0.21072790512886516,-0.21072790512886516
14.359999999999783,3.6080000000000023,2.4280000000000013,0.4889380460547708,0.0,0.0,0.7,2.297438667476622,0.844153986113171,0.844153986113171,2.297438667476622,0.21072790512886516,0.21072790512886516,-0.21072790512886516,-0.21072790512886516
14.379999999999782,3.6080000000000023,2.4280000000000013,0.5029380460547708,0.0,0.0,0.7,2.297438667476622,0.844153986113171,0.844153986113171,2.297438667476622,0.21072790512886516,0.21072790512886516,-0.21072790512886516,-0.21072790512886516
14.399999999999782,3.6080000000000023,2.4280000000000013,0.5169380460547708,0.0,0.0,0.7,2.297438667476622,0.844153986113171,0.844153986113171,2.297438667476622,0.21072790512886516,0.21072790512886516,-0.21072790512886516,-0.21072790512886516
14.419999999999781,3.6080000000000023,2.4280000000000013,0.5309380460547708,0.0,0.0,0.7,2.297438667476622,0.844153986113171,0.844153986113171,2.297438667476622,0.21072790512886516,0.21072790512886516,-0.21072790512886516,-0.21072790512886516
14.439999999999781,3.6080000000000023,2.4280000000000013,0.5449380460547708,0.0,0.0,0.7,2.297438667476622,0.844153986113171,0.844153986113171,2.297438667476622,0.21072790512886516,0.21072790512886516,-0.21072790512886516,-0.21072790512886516
14.45999999999978,3.6080000000000023,2.4280000000000013,0.5589380460547708,0.0,0.0,0.7,2.297438667476622,0.844153986113171,0.844153986113171,2.297438667476622,0.21072790512886516,0.21072790512886516,-0.21072790512886516,-0.21072790512886516
14.47999999999978,3.6080000000000023,2.4280000000000013,0.5729380460547708,0.0,0.0,0.7,2.297438667476622,0.844153986113171,0.844153986113171,2.297438667476622,0.21072790512886516,0.21072790512886516,-0.21072790512886516,-0.21072790512886516
14.49999999999978,3.6080000000000023,2.4280000000000013,0.5869380460547708,0.0,0.0,0.7,2.297438667476622,0.844153986113171,0.844153986113171,2.297438667476622,0.21072790512886516,0.21072790512886516,-0.21072790512886516,-0.21072790512886516
14.51999999999978,3.6080000000000023,2.4280000000000013,0.6009380460547709,0.0,0.0,0.7,2.297438667476622,0.844153986113171,0.844153986113171,2.297438667476622,0.21072790512886516,0.21072790512886516,-0.21072790512886516,-0.21072790512886516
14.539999999999779,3.6080000000000023,2.4280000000000013,0.6149380460547709,0.0,0.0,0.7,2.297438667476622,0.844153986113171,0.844153986113171,2.297438667476622,0.21072790512886516,0.21072790512886516,-0.21072790512886516,-0.21072790512886516
14.559999999999778,3.6080000000000023,2.4280000000000013,0.6289380460547709,0.0,0.0,0.7,2.297438667476622,0.844153986113171,0.844153986113171,2.297438667476622,0.21072790512886516,0.21072790512886516,-0.21072790512886516,-0.21072790512886516
14.579999999999778,3.6080000000000023,2.4280000000000013,0.6429380460547709,0.0,0.0,0.7,2.297438667476622,0.844153986113171,0.844153986113171,2.297438667476622,0.21072790512886516,0.21072790512886516,-0.21072790512886516,-0.21072790512886516
14.599999999999778,3.6080000000000023,2.4280000000000013,0.6569380460547709,0.0,0.0,0.7,2.297438667476622,0.844153986113171,0.844153986113171,2.297438667476622,0.21072790512886516,0.21072790512886516,-0.21072790512886516,-0.21072790512886516
14.619999999999777,3.6080000000000023,2.4280000000000013,0.6709380460547709,0.0,0.0,0.7,2.297438667476622,0.844153986113171,0.844153986113171,2.297438667476622,0.21072790512886516,0.21072790512886516,-0.21072790512886516,-0.21072790512886516
14.639999999999777,3.6080000000000023,2.4280000000000013,0.6849380460547709,0.0,0.0,0.7,2.297438667476622,0.844153986113171,0.844153986113171,2.297438667476622,0.21072790512886516,0.21072790512886516,-0.21072790512886516,-0.21072790512886516
14.659999999999776,3.6080000000000023,2.4280000000000013,0.698938046054771,0.0,0.0,0.7,2.297438667476622,0.844153986113171,0.844153986113171,2.297438667476622,0.21072790512886516,0.21072790512886516,-0.21072790512886516,-0.21072790512886516
14.679999999999776,3.6080000000000023,2.4280000000000013,0.712938046054771,0.0,0.0,0.7,2.297438667476622,0.844153986113171,0.844153986113171,2.297438667476622,0.21072790512886516,0.21072790512886516,-0.21072790512886516,-0.21072790512886516
14.699999999999775,3.6080000000000023,2.4280000000000013,0.726938046054771,0.0,0.0,0.7,2.297438667476622,0.844153986113171,0.844153986113171,2.297438667476622,0.21072790512886516,0.21072790512886516,-0.21072790512886516,-0.21072790512886516
14.719999999999775,3.6080000000000023,2.4280000000000013,0.740938046054771,0.0,0.0,0.7,2.297438667476622,0.844153986113171,0.844153986113171,2.297438667476622,0.21072790512886516,0.21072790512886516,-0.21072790512886516,-0.21072790512886516
14.739999999999775,3.6080000000000023,2.4280000000000013,0.754938046054771,0.0,0.0,0.7,2.297438667476622,0.844153986113171,0.844153986113171,2.297438667476622,0.21072790512886516,0.21072790512886516,-0.21072790512886516,-0.21072790512886516
14.759999999999774,3.6080000000000023,2.4280000000000013,0.768938046054771,0.0,0.0,0.7,2.297438667476622,0.844153986113171,0.844153986113171,2.297438667476622,0.21072790512886516,0.21072790512886516,-0.21072790512886516,-0.21072790512886516
14.779999999999774,3.6080000000000023,2.4280000000000013,0.782938046054771,0.0,0.0,0.7,2.297438667476622,0.844153986113171,0.844153986113171,2.297438667476622,0.21072790512886516,0.21072790512886516,-0.21072790512886516,-0.21072790512886516
14.799999999999773,3.6080000000000023,2.4280000000000013,0.796938046054771,0.0,0.0,0.7,2.297438667476622,0.844153986113171,0.844153986113171,2.297438667476622,0.21072790512886516,0.21072790512886516,-0.21072790512886516,-0.21072790512886516
14.819999999999773,3.6080000000000023,2.4280000000000013,0.810938046054771,0.0,0.0,0.7,2.297438667476622,0.844153986113171,0.844153986113171,2.297438667476622,0.21072790512886516,0.21072790512886516,-0.21072790512886516,-0.21072790512886516
14.839999999999772,3.6080000000000023,2.4280000000000013,0.8249380460547711,0.0,0.0,0.7,2.297438667476622,0.844153986113171,0.844153986113171,2.297438667476622,0.21072790512886516,0.21072790512886516,-0.21072790512886516,-0.21072790512886516
14.859999999999772,3.6080000000000023,2.4280000000000013,0.8389380460547711,0.0,0.0,0.7,2.297438667476622,0.844153986113171,0.844153986113171,2.297438667476622,0.21072790512886516,0.21072790512886516,-0.21072790512886516,-0.21072790512886516
14.879999999999772,3.6080000000000023,2.4280000000000013,0.8529380460547711,0.0,0.0,0.7,2.297438667476622,0.844153986113171,0.844153986113171,2.297438667476622,0.21072790512886516,0.21072790512886516,-0.21072790512886516,-0.21072790512886516
14.899999999999771,3.6080000000000023,2.4280000000000013,0.8669380460547711,0.0,0.0,0.7,2.297438667476622,0.844153986113171,0.844153986113171,2.297438667476622,0.21072790512886516,0.21072790512886516,-0.21072790512886516,-0.21072790512886516
14.91999999999977,3.6080000000000023,2.4280000000000013,0.8809380460547711,0.0,0.0,0.7,2.297438667476622,0.844153986113171,0.844153986113171,2.297438667476622,0.21072790512886516,0.21072790512886516,-0.21072790512886516,-0.21072790512886516
14.93999999999977,3.6080000000000023,2.4280000000000013,0.8949380460547711,0.0,0.0,0.7,2.297438667476622,0.844153986113171,0.844153986113171,2.297438667476622,0.21072790512886516,0.21072790512886516,-0.21072790512886516,-0.21072790512886516
14.95999999999977,3.6080000000000023,2.4280000000000013,0.9089380460547711,0.0,0.0,0.7,2.297438667476622,0.844153986113171,0.844153986113171,2.297438667476622,0.21072790512886516,0.21072790512886516,-0.21072790512886516,-0.21072790512886516
14.97999999999977,3.6080000000000023,2.4280000000000013,0.9229380460547711,0.0,0.0,0.7,2.297438667476622,0.844153986113171,0.844153986113171,2.297438667476622,0.21072790512886516,0.21072790512886516,-0.21072790512886516,-0.21072790512886516
14.999999999999769,3.6080000000000023,2.4280000000000013,0.9369380460547712,0.0,0.0,0.7,2.297438667476622,0.844153986113171,0.844153986113171,2.297438667476622,0.21072790512886516,0.21072790512886516,-0.21072790512886516,-0.21072790512886516
15.019999999999769,3.6080000000000023,2.4280000000000013,0.9509380460547712,0.0,0.0,0.7,2.297438667476622,0.844153986113171,0.844153986113171,2.297438667476622,0.21072790512886516,0.21072790512886516,-0.21072790512886516,-0.21072790512886516
15.039999999999768,3.6080000000000023,2.4280000000000013,0.9649380460547712,0.0,0.0,0.7,2.297438667476622,0.844153986113171,0.844153986113171,2.297438667476622,0.21072790512886516,0.21072790512886516,-0.21072790512886516,-0.21072790512886516
15.059999999999768,3.6080000000000023,2.4280000000000013,0.9789380460547712,0.0,0.0,0.7,2.297438667476622,0.844153986113171,0.844153986113171,2.297438667476622,0.21072790512886516,0.21072790512886516,-0.21072790512886516,-0.21072790512886516
15.079999999999767,3.6080000000000023,2.4280000000000013,0.9929380460547712,0.0,0.0,0.7,2.297438667476622,0.844153986113171,0.844153986113171,2.297438667476622,0.21072790512886516,0.21072790512886516,-0.21072790512886516,-0.21072790512886516
15.099999999999767,3.6080000000000023,2.4280000000000013,1.0069380460547712,0.0,0.0,0.7,2.297438667476622,0.844153986113171,0.844153986113171,2.297438667476622,0.21072790512886516,0.21072790512886516,-0.21072790512886516,-0.21072790512886516
15.119999999999767,3.6080000000000023,2.4280000000000013,1.0209380460547712,0.0,0.0,0.7,2.297438667476622,0.844153986113171,0.844153986113171,2.297438667476622,0.21072790512886516,0.21072790512886516,-0.21072790512886516,-0.21072790512886516
15.139999999999766,3.6080000000000023,2.4280000000000013,1.0349380460547712,0.0,0.0,0.7,2.297438667476622,0.844153986113171,0.844153986113171,2.297438667476622,0.21072790512886516,0.21072790512886516,-0.21072790512886516,-0.21072790512886516
15.159999999999766,3.6080000000000023,2.4280000000000013,1.0489380460547713,0.0,0.0,0.7,2.297438667476622,0.844153986113171,0.844153986113171,2.297438667476622,0.21072790512886516,0.21072790512886516,-0.21072790512886516,-0.21072790512886516
15.179999999999765,3.6080000000000023,2.4280000000000013,1.0629380460547713,0.0,0.0,0.7,2.297438667476622,0.844153986113171,0.844153986113171,2.297438667476622,0.21072790512886516,0.21072790512886516,-0.21072790512886516,-0.21072790512886516
15.199999999999765,3.6080000000000023,2.4280000000000013,1.0769380460547713,0.0,0.0,0.7,2.297438667476622,0.844153986113171,0.844153986113171,2.297438667476622,0.21072790512886516,0.21072790512886516,-0.21072790512886516,-0.21072790512886516
15.219999999999764,3.6080000000000023,2.4280000000000013,1.0909380460547713,0.0,0.0,0.7,2.297438667476622,0.844153986113171,0.844153986113171,2.297438667476622,0.21072790512886516,0.21072790512886516,-0.21072790512886516,-0.21072790512886516
15.239999999999764,3.6080000000000023,2.4280000000000013,1.1049380460547713,0.0,0.0,0.7,2.297438667476622,0.844153986113171,0.844153986113171,2.297438667476622,0.21072790512886516,0.21072790512886516,-0.21072790512886516,-0.21072790512886516
15.259999999999764,3.6080000000000023,2.4280000000000013,1.1189380460547713,0.0,0.0,0.7,2.297438667476622,0.844153986113171,0.844153986113171,2.297438667476622,0.21072790512886516,0.21072790512886516,-0.21072790512886516,-0.21072790512886516
15.279999999999763,3.6080000000000023,2.4280000000000013,1.1329380460547713,0.0,0.0,0.7,2.297438667476622,0.844153986113171,0.844153986113171,2.297438667476622,0.21072790512886516,0.21072790512886516,-0.21072790512886516,-0.21072790512886516
15.299999999999763,3.6080000000000023,2.4280000000000013,1.1469380460547713,0.0,0.0,0.7,2.297438667476622,0.844153986113171,0.844153986113171,2.297438667476622,0.21072790512886516,0.21072790512886516,-0.21072790512886516,-0.21072790512886516
15.319999999999762,3.6080000000000023,2.4280000000000013,1.1609380460547714,0.0,0.0,0.7,2.297438667476622,0.844153986113171,0.844153986113171,2.297438667476622,0.21072790512886516,0.21072790512886516,-0.21072790512886516,-0.21072790512886516
15.339999999999762,3.6080000000000023,2.4280000000000013,1.1749380460547714,0.0,0.0,0.7,2.297438667476622,0.844153986113171,0.844153986113171,2.297438667476622,0.21072790512886516,0.21072790512886516,-0.21072790512886516,-0.21072790512886516
15.359999999999761,3.6080000000000023,2.4280000000000013,1.1889380460547714,0.0,0.0,0.7,2.297438667476622,0.844153986113171,0.844153986113171,2.297438667476622,0.21072790512886516,0.21072790512886516,-0.21072790512886516,-0.21072790512886516
15.379999999999761,3.6080000000000023,2.4280000000000013,1.2029380460547714,0.0,0.0,0.7,2.297438667476622,0.844153986113171,0.844153986113171,2.297438667476622,0.21072790512886516,0.21072790512886516,-0.21072790512886516,-0.21072790512886516
15.39999999999976,3.6080000000000023,2.4280000000000013,1.2169380460547714,0.0,0.0,0.7,2.297438667476622,0.844153986113171,0.844153986113171,2.297438667476622,0.21072790512886516,0.21072790512886516,-0.21072790512886516,-0.21072790512886516
15.41999999999976,3.6080000000000023,2.4280000000000013,1.2309380460547714,0.0,0.0,0.7,2.297438667476622,0.844153986113171,0.844153986113171,2.297438667476622,0.21072790512886516,0.21072790512886516,-0.21072790512886516,-0.21072790512886516
15.43999999999976,3.6080000000000023,2.4280000000000013,1.2449380460547714,0.0,0.0,0.7,2.297438667476622,0.844153986113171,0.844153986113171,2.297438667476622,0.21072790512886516,0.21072790512886516,-0.21072790512886516,-0.21072790512886516
15.45999999999976,3.6080000000000023,2.4280000000000013,1.2589380460547714,0.0,0.0,0.7,2.297438667476622,0.844153986113171,0.844153986113171,2.297438667476622,0.21072790512886516,0.21072790512886516,-0.21072790512886516,-0.21072790512886516
15.479999999999759,3.6080000000000023,2.4280000000000013,1.2729380460547715,0.0,0.0,0.7,2.297438667476622,0.844153986113171,0.844153986113171,2.297438667476622,0.21072790512886516,0.21072790512886516,-0.21072790512886516,-0.21072790512886516
15.499999999999758,3.6080000000000023,2.4280000000000013,1.2869380460547715,0.0,0.0,0.7,2.297438667476622,0.844153986113171,0.844153986113171,2.297438667476622,0.21072790512886516,0.21072790512886516,-0.21072790512886516,-0.21072790512886516
15.519999999999758,3.6080000000000023,2.4280000000000013,1.3009380460547715,0.0,0.0,0.7,2.297438667476622,0.844153986113171,0.844153986113171,2.297438667476622,0.21072790512886516,0.21072790512886516,-0.21072790512886516,-0.21072790512886516
15.539999999999758,3.6080000000000023,2.4280000000000013,1.3149380460547715,0.0,0.0,0.7,2.297438667476622,0.844153986113171,0.844153986113171,2.297438667476622,0.21072790512886516,0.21072790512886516,-0.21072790512886516,-0.21072790512886516
15.559999999999757,3.6080000000000023,2.4280000000000013,1.3289380460547715,0.0,0.0,0.7,2.297438667476622,0.844153986113171,0.844153986113171,2.297438667476622,0.21072790512886516,0.21072790512886516,-0.21072790512886516,-0.21072790512886516
15.579999999999757,3.6080000000000023,2.4280000000000013,1.3429380460547715,0.0,0.0,0.7,2.297438667476622,0.844153986113171,0.844153986113171,2.297438667476622,0.21072790512886516,0.21072790512886516,-0.21072790512886516,-0.21072790512886516
15.599999999999756,3.6080000000000023,2.4280000000000013,1.3569380460547715,0.0,0.0,0.7,2.297438667476622,0.844153986113171,0.844153986113171,2.297438667476622,0.21072790512886516,0.21072790512886516,-0.21072790512886516,-0.21072790512886516
15.619999999999756,3.6080000000000023,2.4280000000000013,1.3709380460547715,0.0,0.0,0.7,2.297438667476622,0.844153986113171,0.844153986113171,2.297438667476622,0.21072790512886516,0.21072790512886516,-0.21072790512886516,-0.21072790512886516
15.639999999999755,3.6080000000000023,2.4280000000000013,1.3849380460547716,0.0,0.0,0.7,2.297438667476622,0.844153986113171,0.844153986113171,2.297438667476622,0.21072790512886516,0.21072790512886516,-0.21072790512886516,-0.21072790512886516
15.659999999999755,3.6080000000000023,2.4280000000000013,1.3989380460547716,0.0,0.0,0.7,2.297438667476622,0.844153986113171,0.844153986113171,2.297438667476622,0.21072790512886516,0.21072790512886516,-0.21072790512886516,-0.21072790512886516
15.679999999999755,3.6080000000000023,2.4280000000000013,1.4129380460547716,0.0,0.0,0.7,2.297438667476622,0.844153986113171,0.844153986113171,2.297438667476622,0.21072790512886516,0.21072790512886516,-0.21072790512886516,-0.21072790512886516
15.699999999999754,3.6080000000000023,2.4280000000000013,1.4269380460547716,0.0,0.0,0.7,2.297438667476622,0.844153986113171,0.844153986113171,2.297438667476622,0.21072790512886516,0.21072790512886516,-0.21072790512886516,-0.21072790512886516
15.719999999999754,3.6080000000000023,2.4280000000000013,1.4409380460547716,0.0,0.0,0.7,2.297438667476622,0.844153986113171,0.844153986113171,2.297438667476622,0.21072790512886516,0.21072790512886516,-0.21072790512886516,-0.21072790512886516
15.739999999999753,3.6080000000000023,2.4280000000000013,1.4549380460547716,0.0,0.0,0.7,2.297438667476622,0.844153986113171,0.844153986113171,2.297438667476622,0.21072790512886516,0.21072790512886516,-0.21072790512886516,-0.21072790512886516
15.759999999999753,3.6080000000000023,2.4280000000000013,1.4689380460547716,0.0,0.0,0.7,2.297438667476622,0.844153986113171,0.844153986113171,2.297438667476622,0.21072790512886516,0.21072790512886516,-0.21072790512886516,-0.21072790512886516
15.779999999999752,3.6080000000000023,2.4280000000000013,1.4829380460547716,0.0,0.0,0.7,2.297438667476622,0.844153986113171,0.844153986113171,2.297438667476622,0.21072790512886516,0.21072790512886516,-0.21072790512886516,-0.21072790512886516
15.799999999999752,3.6080000000000023,2.4280000000000013,1.4969380460547717,0.0,0.0,0.7,2.297438667476622,0.844153986113171,0.844153986113171,2.297438667476622,0.21072790512886516,0.21072790512886516,-0.21072790512886516,-0.21072790512886516
15.819999999999752,3.6080000000000023,2.4280000000000013,1.5109380460547717,0.0,0.0,0.7,2.297438667476622,0.844153986113171,0.844153986113171,2.297438667476622,0.21072790512886516,0.21072790512886516,-0.21072790512886516,-0.21072790512886516
15.839999999999751,3.6080000000000023,2.4280000000000013,1.5249380460547717,0.0,0.0,0.7,2.297438667476622,0.844153986113171,0.844153986113171,2.297438667476622,0.21072790512886516,0.21072790512886516,-0.21072790512886516,-0.21072790512886516
15.85999999999975,3.6080000000000023,2.4280000000000013,1.5389380460547717,0.0,0.0,0.7,2.297438667476622,0.844153986113171,0.844153986113171,2.297438667476622,0.21072790512886516,0.21072790512886516,-0.21072790512886516,-0.21072790512886516
15.87999999999975,3.6080000000000023,2.4280000000000013,1.5529380460547717,0.0,0.0,0.7,2.297438667476622,0.844153986113171,0.844153986113171,2.297438667476622,0.21072790512886516,0.21072790512886516,-0.21072790512886516,-0.21072790512886516
15.89999999999975,3.6080000000000023,2.4280000000000013,1.5669380460547717,0.0,0.0,0.7,2.297438667476622,0.844153986113171,0.844153986113171,2.297438667476622,0.21072790512886516,0.21072790512886516,-0.21072790512886516,-0.21072790512886516
15.91999999999975,3.6080000000000023,2.4280000000000013,1.5809380460547717,0.0,0.0,0.7,2.297438667476622,0.844153986113171,0.844153986113171,2.297438667476622,0.21072790512886516,0.21072790512886516,-0.21072790512886516,-0.21072790512886516
15.939999999999749,3.6080000000000023,2.4280000000000013,1.5949380460547717,0.0,0.0,0.7,2.297438667476622,0.844153986113171,0.844153986113171,2.297438667476622,0.21072790512886516,0.21072790512886516,-0.21072790512886516,-0.21072790512886516
15.959999999999749,3.6080000000000023,2.4280000000000013,1.6089380460547718,0.0,0.0,0.7,2.297438667476622,0.844153986113171,0.844153986113171,2.297438667476622,0.21072790512886516,0.21072790512886516,-0.21072790512886516,-0.21072790512886516
15.979999999999748,3.6080000000000023,2.4280000000000013,1.6229380460547718,0.0,0.0,0.7,2.297438667476622,0.844153986113171,0.844153986113171,2.297438667476622,0.21072790512886516,0.21072790512886516,-0.21072790512886516,-0.21072790512886516
15.999999999999748,3.6080000000000023,2.4280000000000013,1.6369380460547718,0.0,0.0,0.7,2.297438667476622,0.844153986113171,0.844153986113171,2.297438667476622,0.21072790512886516,0.21072790512886516,-0.21072790512886516,-0.21072790512886516
16.019999999999747,3.6080000000000023,2.4280000000000013,1.6509380460547718,0.0,0.0,0.7,2.297438667476622,0.844153986113171,0.844153986113171,2.297438667476622,0.21072790512886516,0.21072790512886516,-0.21072790512886516,-0.21072790512886516
16.039999999999747,3.6080000000000023,2.4280000000000013,1.6649380460547718,0.0,0.0,0.7,2.297438667476622,0.844153986113171,0.844153986113171,2.297438667476622,0.21072790512886516,0.21072790512886516,-0.21072790512886516,-0.21072790512886516
16.059999999999746,3.6080000000000023,2.4280000000000013,1.6789380460547718,0.0,0.0,0.7,2.297438667476622,0.844153986113171,0.844153986113171,2.297438667476622,0.21072790512886516,0.21072790512886516,-0.21072790512886516,-0.21072790512886516
16.079999999999746,3.6080000000000023,2.4280000000000013,1.6929380460547718,0.0,0.0,0.7,2.297438667476622,0.844153986113171,0.844153986113171,2.297438667476622,0.21072790512886516,0.21072790512886516,-0.21072790512886516,-0.21072790512886516
16.099999999999746,3.6080000000000023,2.4280000000000013,1.7069380460547718,0.0,0.0,0.7,2.297438667476622,0.844153986113171,0.844153986113171,2.297438667476622,0.21072790512886516,0.21072790512886516,-0.21072790512886516,-0.21072790512886516
16.119999999999745,3.6080000000000023,2.4280000000000013,1.7209380460547719,0.0,0.0,0.7,2.297438667476622,0.844153986113171,0.844153986113171,2.297438667476622,0.21072790512886516,0.21072790512886516,-0.21072790512886516,-0.21072790512886516
16.139999999999745,3.6080000000000023,2.4280000000000013,1.7349380460547719,0.0,0.0,0.7,2.297438667476622,0.844153986113171,0.844153986113171,2.297438667476622,0.21072790512886516,0.21072790512886516,-0.21072790512886516,-0.21072790512886516
16.159999999999744,3.6080000000000023,2.4280000000000013,1.7489380460547719,0.0,0.0,0.7,2.297438667476622,0.844153986113171,0.844153986113171,2.297438667476622,0.21072790512886516,0.21072790512886516,-0.21072790512886516,-0.21072790512886516
16.179999999999744,3.6080000000000023,2.4280000000000013,1.762938046054772,0.0,0.0,0.7,2.297438667476622,0.844153986113171,0.844153986113171,2.297438667476622,0.21072790512886516,0.21072790512886516,-0.21072790512886516,-0.21072790512886516
16.199999999999743,3.6080000000000023,2.4280000000000013,1.776938046054772,0.0,0.0,0.7,2.297438667476622,0.844153986113171,0.844153986113171,2.297438667476622,0.21072790512886516,0.21072790512886516,-0.21072790512886516,-0.21072790512886516
16.219999999999743,3.6080000000000023,2.4280000000000013,1.790938046054772,0.0,0.0,0.7,2.297438667476622,0.844153986113171,0.844153986113171,2.297438667476622,0.21072790512886516,0.21072790512886516,-0.21072790512886516,-0.21072790512886516
16.239999999999743,3.6080000000000023,2.4280000000000013,1.804938046054772,0.0,0.0,0.7,2.297438667476622,0.844153986113171,0.844153986113171,2.297438667476622,0.21072790512886516,0.21072790512886516,-0.21072790512886516,-0.21072790512886516
16.259999999999742,3.6080000000000023,2.4280000000000013,1.818938046054772,0.0,0.0,0.7,2.297438667476622,0.844153986113171,0.844153986113171,2.297438667476622,0.21072790512886516,0.21072790512886516,-0.21072790512886516,-0.21072790512886516
16.279999999999742,3.6080000000000023,2.4280000000000013,1.832938046054772,0.0,0.0,0.7,2.297438667476622,0.844153986113171,0.844153986113171,2.297438667476622,0.21072790512886516,0.21072790512886516,-0.21072790512886516,-0.21072790512886516
16.29999999999974,3.6080000000000023,2.4280000000000013,1.846938046054772,0.0,0.0,0.7,2.297438667476622,0.844153986113171,0.844153986113171,2.297438667476622,0.21072790512886516,0.21072790512886516,-0.21072790512886516,-0.21072790512886516
16.31999999999974,3.6080000000000023,2.4280000000000013,1.860938046054772,0.0,0.0,0.7,2.297438667476622,0.844153986113171,0.844153986113171,2.297438667476622,0.21072790512886516,0.21072790512886516,-0.21072790512886516,-0.21072790512886516
16.33999999999974,3.6080000000000023,2.4280000000000013,1.874938046054772,0.0,0.0,0.7,2.297438667476622,0.844153986113171,0.844153986113171,2.297438667476622,0.21072790512886516,0.21072790512886516,-0.21072790512886516,-0.21072790512886516
16.35999999999974,3.6080000000000023,2.4280000000000013,1.888938046054772,0.0,0.0,0.7,2.297438667476622,0.844153986113171,0.844153986113171,2.297438667476622,0.21072790512886516,0.21072790512886516,-0.21072790512886516,-0.21072790512886516
16.37999999999974,3.6080000000000023,2.4280000000000013,1.902938046054772,0.0,0.0,0.7,2.297438667476622,0.844153986113171,0.844153986113171,2.297438667476622,0.21072790512886516,0.21072790512886516,-0.21072790512886516,-0.21072790512886516
16.39999999999974,3.6080000000000023,2.4280000000000013,1.916938046054772,0.0,0.0,0.7,2.297438667476622,0.844153986113171,0.844153986113171,2.297438667476622,0.21072790512886516,0.21072790512886516,-0.21072790512886516,-0.21072790512886516
16.41999999999974,3.6080000000000023,2.4280000000000013,1.930938046054772,0.0,0.0,0.7,2.297438667476622,0.844153986113171,0.844153986113171,2.297438667476622,0.21072790512886516,0.21072790512886516,-0.21072790512886516,-0.21072790512886516
16.43999999999974,3.6080000000000023,2.4280000000000013,1.944938046054772,0.0,0.0,0.7,2.297438667476622,0.844153986113171,0.844153986113171,2.297438667476622,0.21072790512886516,0.21072790512886516,-0.21072790512886516,-0.21072790512886516
16.459999999999738,3.6080000000000023,2.4280000000000013,1.958938046054772,0.0,0.0,0.7,2.297438667476622,0.844153986113171,0.844153986113171,2.297438667476622,0.21072790512886516,0.21072790512886516,-0.21072790512886516,-0.21072790512886516
16.479999999999738,3.6080000000000023,2.4280000000000013,1.972938046054772,0.0,0.0,0.7,2.297438667476622,0.844153986113171,0.844153986113171,2.297438667476622,0.21072790512886516,0.21072790512886516,-0.21072790512886516,-0.21072790512886516
16.499999999999737,3.6080000000000023,2.4280000000000013,1.986938046054772,0.0,0.0,0.7,2.297438667476622,0.844153986113171,0.844153986113171,2.297438667476622,0.21072790512886516,0.21072790512886516,-0.21072790512886516,-0.21072790512886516
16.519999999999737,3.6080000000000023,2.4280000000000013,2.000938046054772,0.0,0.0,0.7,2.297438667476622,0.844153986113171,0.844153986113171,2.297438667476622,0.21072790512886516,0.21072790512886516,-0.21072790512886516,-0.21072790512886516
16.539999999999736,3.6080000000000023,2.4280000000000013,2.014938046054772,0.0,0.0,0.7,2.297438667476622,0.844153986113171,0.844153986113171,2.297438667476622,0.21072790512886516,0.21072790512886516,-0.21072790512886516,-0.21072790512886516
16.559999999999736,3.6080000000000023,2.4280000000000013,2.0289380460547717,0.0,0.0,0.7,2.297438667476622,0.844153986113171,0.844153986113171,2.297438667476622,0.21072790512886516,0.21072790512886516,-0.21072790512886516,-0.21072790512886516
16.579999999999735,3.6080000000000023,2.4280000000000013,2.0429380460547715,0.0,0.0,0.7,2.297438667476622,0.844153986113171,0.844153986113171,2.297438667476622,0.21072790512886516,0.21072790512886516,-0.21072790512886516,-0.21072790512886516
16.599999999999735,3.6080000000000023,2.4280000000000013,2.0569380460547713,0.0,0.0,0.7,2.297438667476622,0.844153986113171,0.844153986113171,2.297438667476622,0.21072790512886516,0.21072790512886516,-0.21072790512886516,-0.21072790512886516
16.619999999999735,3.6080000000000023,2.4280000000000013,2.070938046054771,0.0,0.0,0.7,2.297438667476622,0.844153986113171,0.844153986113171,2.297438667476622,0.21072790512886516,0.21072790512886516,-0.21072790512886516,-0.21072790512886516
16.639999999999734,3.6080000000000023,2.4280000000000013,2.084938046054771,0.0,0.0,0.7,2.297438667476622,0.844153986113171,0.844153986113171,2.297438667476622,0.21072790512886516,0.21072790512886516,-0.21072790512886516,-0.21072790512886516
16.659999999999734,3.6080000000000023,2.4280000000000013,2.0989380460547706,0.0,0.0,0.7,2.297438667476622,0.844153986113171,0.844153986113171,2.297438667476622,0.21072790512886516,0.21072790512886516,-0.21072790512886516,-0.21072790512886516
16.679999999999733,3.6080000000000023,2.4280000000000013,2.1129380460547704,0.0,0.0,0.7,2.297438667476622,0.844153986113171,0.844153986113171,2.297438667476622,0.21072790512886516,0.21072790512886516,-0.21072790512886516,-0.21072790512886516
16.699999999999733,3.6080000000000023,2.4280000000000013,2.12693804605477,0.0,0.0,0.7,2.297438667476622,0.844153986113171,0.844153986113171,2.297438667476622,0.21072790512886516,0.21072790512886516,-0.21072790512886516,-0.21072790512886516
16.719999999999732,3.6080000000000023,2.4280000000000013,2.14093804605477,0.0,0.0,0.7,2.297438667476622,0.844153986113171,0.844153986113171,2.297438667476622,0.21072790512886516,0.21072790512886516,-0.21072790512886516,-0.21072790512886516
16.739999999999732,3.6080000000000023,2.4280000000000013,2.15493804605477,0.0,0.0,0.7,2.297438667476622,0.844153986113171,0.844153986113171,2.297438667476622,0.21072790512886516,0.21072790512886516,-0.21072790512886516,-0.21072790512886516
16.75999999999973,3.6080000000000023,2.4280000000000013,2.1689380460547696,0.0,0.0,0.7,2.297438667476622,0.844153986113171,0.844153986113171,2.297438667476622,0.21072790512886516,0.21072790512886516,-0.21072790512886516,-0.21072790512886516
16.77999999999973,3.6080000000000023,2.4280000000000013,2.1829380460547694,0.0,0.0,0.7,2.297438667476622,0.844153986113171,0.844153986113171,2.297438667476622,0.21072790512886516,0.21072790512886516,-0.21072790512886516,-0.21072790512886516
16.79999999999973,3.6080000000000023,2.4280000000000013,2.196938046054769,0.0,0.0,0.7,2.297438667476622,0.844153986113171,0.844153986113171,2.297438667476622,0.21072790512886516,0.21072790512886516,-0.21072790512886516,-0.21072790512886516
16.81999999999973,3.6080000000000023,2.4280000000000013,2.210938046054769,0.0,0.0,0.7,2.297438667476622,0.844153986113171,0.844153986113171,2.297438667476622,0.21072790512886516,0.21072790512886516,-0.21072790512886516,-0.21072790512886516
16.83999999999973,3.6080000000000023,2.4280000000000013,2.2249380460547687,0.0,0.0,0.7,2.297438667476622,0.844153986113171,0.844153986113171,2.297438667476622,0.21072790512886516,0.21072790512886516,-0.21072790512886516,-0.21072790512886516
16.85999999999973,3.6080000000000023,2.4280000000000013,2.2389380460547685,0.0,0.0,0.7,2.297438667476622,0.844153986113171,0.844153986113171,2.297438667476622,0.21072790512886516,0.21072790512886516,-0.21072790512886516,-0.21072790512886516
16.87999999999973,3.6080000000000023,2.4280000000000013,2.2529380460547683,0.0,0.0,0.7,2.297438667476622,0.844153986113171,0.844153986113171,2.297438667476622,0.21072790512886516,0.21072790512886516,-0.21072790512886516,-0.21072790512886516
16.89999999999973,3.6080000000000023,2.4280000000000013,2.266938046054768,0.0,0.0,0.7,2.297438667476622,0.844153986113171,0.844153986113171,2.297438667476622,0.21072790512886516,0.21072790512886516,-0.21072790512886516,-0.21072790512886516
16.919999999999728,3.6080000000000023,2.4280000000000013,2.280938046054768,0.0,0.0,0.7,2.297438667476622,0.844153986113171,0.844153986113171,2.297438667476622,0.21072790512886516,0.21072790512886516,-0.21072790512886516,-0.21072790512886516
16.939999999999728,3.6080000000000023,2.4280000000000013,2.2949380460547677,0.0,0.0,0.7,2.297438667476622,0.844153986113171,0.844153986113171,2.297438667476622,0.21072790512886516,0.21072790512886516,-0.21072790512886516,-0.21072790512886516
16.959999999999727,3.6080000000000023,2.4280000000000013,2.3089380460547675,0.0,0.0,0.7,2.297438667476622,0.844153986113171,0.844153986113171,2.297438667476622,0.21072790512886516,0.21072790512886516,-0.21072790512886516,-0.21072790512886516
16.979999999999727,3.6080000000000023,2.4280000000000013,2.3229380460547673,0.0,0.0,0.7,2.297438667476622,0.844153986113171,0.844153986113171,2.297438667476622,0.21072790512886516,0.21072790512886516,-0.21072790512886516,-0.21072790512886516
16.999999999999726,3.6080000000000023,2.4280000000000013,2.336938046054767,0.0,0.0,0.7,2.297438667476622,0.844153986113171,0.844153986113171,2.297438667476622,0.21072790512886516,0.21072790512886516,-0.21072790512886516,-0.21072790512886516
17.019999999999726,3.6080000000000023,2.4280000000000013,2.350938046054767,0.0,0.0,0.7,2.297438667476622,0.844153986113171,0.844153986113171,2.297438667476622,0.21072790512886516,0.21072790512886516,-0.21072790512886516,-0.21072790512886516
17.039999999999726,3.6080000000000023,2.4280000000000013,2.363681408993331,0.0,0.0,0.6371681469282041,2.297438667476622,0.844153986113171,0.844153986113171,2.297438667476622,0.1918130125957449,0.1918130125957449,-0.1918130125957449,-0.1918130125957449
17.059999999999725,3.6080000000000023,2.4280000000000013,2.375168134870459,0.0,0.0,0.5743362938564083,2.297438667476622,0.844153986113171,0.844153986113171,2.297438667476622,0.17289812006262462,0.17289812006262462,-0.17289812006262462,-0.17289812006262462
17.079999999999725,3.6080000000000023,2.4280000000000013,2.3853982236861513,0.0,0.0,0.5115044407846124,2.297438667476622,0.844153986113171,0.844153986113171,2.297438667476622,0.15398322752950436,0.15398322752950436,-0.15398322752950436,-0.15398322752950436
17.099999999999724,3.6080000000000023,2.4280000000000013,2.3943716754404076,0.0,0.0,0.4486725877128166,2.297438667476622,0.844153986113171,0.844153986113171,2.297438667476622,0.13506833499638407,0.13506833499638407,-0.13506833499638407,-0.13506833499638407
17.119999999999724,3.6080000000000023,2.4280000000000013,2.4020884901332282,0.0,0.0,0.38584073464102076,2.297438667476622,0.844153986113171,0.844153986113171,2.297438667476622,0.11615344246326381,0.11615344246326381,-0.11615344246326381,-0.11615344246326381
17.139999999999723,3.6080000000000023,2.4280000000000013,2.4085486677646126,0.0,0.0,0.3230088815692249,2.297438667476622,0.844153986113171,0.844153986113171,2.297438667476622,0.09723854993014353,0.09723854993014353,-0.09723854993014353,-0.09723854993014353
17.159999999999723,3.6080000000000023,2.4280000000000013,2.4137522083345613,0.0,0.0,0.260177028497429,2.297438667476622,0.844153986113171,0.844153986113171,2.297438667476622,0.07832365739702325,0.07832365739702325,-0.07832365739702325,-0.07832365739702325
17.179999999999723,3.6080000000000023,2.4280000000000013,2.4176991118430737,0.0,0.0,0.19734517542563315,2.297438667476622,0.844153986113171,0.844153986113171,2.297438667476622,0.059408764863902966,0.059408764863902966,-0.059408764863902966,-0.059408764863902966
17.199999999999722,3.6080000000000023,2.4280000000000013,2.4203893782901504,0.0,0.0,0.13451332235383728,2.297438667476622,0.844153986113171,0.844153986113171,2.297438667476622,0.04049387233078269,0.04049387233078269,-0.04049387233078269,-0.04049387233078269
17.21999999999972,3.6080000000000023,2.4280000000000013,2.4218230076757914,0.0,0.0,0.07168146928204142,2.297438667476622,0.844153986113171,0.844153986113171,2.297438667476622,0.021578979797662413,0.021578979797662413,-0.021578979797662413,-0.021578979797662413
17.23999999999972,3.6080000000000023,2.4280000000000013,2.421999999999996,0.0,0.0,0.008849616210245544,2.297438667476622,0.844153986113171,0.844153986113171,2.297438667476622,0.0026640872645421294,0.0026640872645421294,-0.0026640872645421294,-0.0026640872645421294
17.25999999999972,3.6080000000000023,2.4280000000000013,2.421999999999996,0.0,0.0,0.0,2.32885459401252,0.8127380595772731,0.8127380595772731,2.32885459401252,0.0,0.0,0.0,0.0
17.27999999999972,3.6080000000000023,2.4280000000000013,2.421999999999996,0.0,0.0,0.0,2.3602705205484176,0.7813221330413751,0.7813221330413751,2.3602705205484176,0.0,0.0,0.0,0.0
17.29999999999972,3.6080000000000023,2.4280000000000013,2.421999999999996,0.0,0.0,0.0,2.3916864470843153,0.7499062065054771,0.7499062065054771,2.3916864470843153,0.0,0.0,0.0,0.0
17.31999999999972,3.6080000000000023,2.4280000000000013,2.421999999999996,0.0,0.0,0.0,2.423102373620213,0.7184902799695791,0.7184902799695791,2.423102373620213,0.0,0.0,0.0,0.0
17.33999999999972,3.6080000000000023,2.4280000000000013,2.421999999999996,0.0,0.0,0.0,2.454518300156111,0.6870743534336812,0.6870743534336812,2.454518300156111,0.0,0.0,0.0,0.0
17.35999999999972,3.6080000000000023,2.4280000000000013,2.421999999999996,0.0,0.0,0.0,2.4859342266920086,0.6556584268977832,0.6556584268977832,2.4859342266920086,0.0,0.0,0.0,0.0
17.37999999999972,3.6080000000000023,2.4280000000000013,2.421999999999996,0.0,0.0,0.0,2.5173501532279063,0.6242425003618852,0.6242425003618852,2.5173501532279063,0.0,0.0,0.0,0.0
17.399999999999718,3.6080000000000023,2.4280000000000013,2.421999999999996,0.0,0.0,0.0,2.548766079763804,0.5928265738259872,0.5928265738259872,2.548766079763804,0.0,0.0,0.0,0.0
17.419999999999717,3.6080000000000023,2.4280000000000013,2.421999999999996,0.0,0.0,0.0,2.580182006299702,0.5614106472900893,0.5614106472900893,2.580182006299702,0.0,0.0,0.0,0.0
17.439999999999717,3.6080000000000023,2.4280000000000013,2.421999999999996,0.0,0.0,0.0,2.6115979328355996,0.5299947207541913,0.5299947207541913,2.6115979328355996,0.0,0.0,0.0,0.0
17.459999999999717,3.6080000000000023,2.4280000000000013,2.421999999999996,0.0,0.0,0.0,2.6430138593714974,0.4985787942182934,0.4985787942182934,2.6430138593714974,0.0,0.0,0.0,0.0
17.479999999999716,3.6080000000000023,2.4280000000000013,2.421999999999996,0.0,0.0,0.0,2.674429785907395,0.46716286768239546,0.46716286768239546,2.674429785907395,0.0,0.0,0.0,0.0
17.499999999999716,3.6080000000000023,2.4280000000000013,2.421999999999996,0.0,0.0,0.0,2.705845712443293,0.43574694114649754,0.43574694114649754,2.705845712443293,0.0,0.0,0.0,0.0
17.519999999999715,3.6080000000000023,2.4280000000000013,2.421999999999996,0.0,0.0,0.0,2.7372616389791906,0.4043310146105996,0.4043310146105996,2.7372616389791906,0.0,0.0,0.0,0.0
17.539999999999715,3.6080000000000023,2.4280000000000013,2.421999999999996,0.0,0.0,0.0,2.7686775655150884,0.3729150880747017,0.3729150880747017,2.7686775655150884,0.0,0.0,0.0,0.0
17.559999999999715,3.6080000000000023,2.4280000000000013,2.421999999999996,0.0,0.0,0.0,2.800093492050986,0.3414991615388038,0.3414991615388038,2.800093492050986,0.0,0.0,0.0,0.0
17.579999999999714,3.6080000000000023,2.4280000000000013,2.421999999999996,0.0,0.0,0.0,2.831509418586884,0.31008323500290585,0.31008323500290585,2.831509418586884,0.0,0.0,0.0,0.0
17.599999999999714,3.6080000000000023,2.4280000000000013,2.421999999999996,0.0,0.0,0.0,2.8629253451227816,0.27866730846700793,0.27866730846700793,2.8629253451227816,0.0,0.0,0.0,0.0
17.619999999999713,3.6080000000000023,2.4280000000000013,2.421999999999996,0.0,0.0,0.0,2.8943412716586794,0.24725138193111001,0.24725138193111001,2.8943412716586794,0.0,0.0,0.0,0.0
17.639999999999713,3.6080000000000023,2.4280000000000013,2.421999999999996,0.0,0.0,0.0,2.925757198194577,0.2158354553952121,0.2158354553952121,2.925757198194577,0.0,0.0,0.0,0.0
17.659999999999712,3.6080000000000023,2.4280000000000013,2.421999999999996,0.0,0.0,0.0,2.957173124730475,0.18441952885931417,0.18441952885931417,2.957173124730475,0.0,0.0,0.0,0.0
17.679999999999712,3.6080000000000023,2.4280000000000013,2.421999999999996,0.0,0.0,0.0,2.9885890512663726,0.15394466445835014,0.15300360232341625,2.9876479891314434,0.0,0.0,0.0,0.0
17.69999999999971,3.6080000000000023,2.4280000000000013,2.421999999999996,0.0,0.0,0.0,3.0200049778022704,0.15394466445835014,0.12158767578751832,2.9876479891314434,0.0,0.0,0.0,0.0
17.71999999999971,3.6080000000000023,2.4280000000000013,2.421999999999996,0.0,0.0,0.0,3.051420904338168,0.15394466445835014,0.09017174925162039,2.9876479891314434,0.0,0.0,0.0,0.0
17.73999999999971,3.6080000000000023,2.4280000000000013,2.421999999999996,0.0,0.0,0.0,3.082836830874066,0.15394466445835014,0.05875582271572245,2.9876479891314434,0.0,0.0,0.0,0.0
17.75999999999971,3.6080000000000023,2.4280000000000013,2.421999999999996,0.0,0.0,0.0,3.1142527574099637,0.15394466445835014,0.02733989617982452,2.9876479891314434,0.0,0.0,0.0,0.0
17.77999999999971,3.6080000000000023,2.4280000000000013,2.421999999999996,0.0,0.0,0.0,3.1456686839458614,0.15394466445835014,-0.004076030356073415,2.9876479891314434,-0.0,0.0,0.0,0.0
17.79999999999971,3.6080000000000023,2.4280000000000013,2.421999999999996,0.0,0.0,0.0,3.177084610481759,0.15394466445835014,-0.03549195689197135,2.9876479891314434,-0.0,0.0,0.0,0.0
17.81999999999971,3.6080000000000023,2.4280000000000013,2.421999999999996,0.0,0.0,0.0,3.208500537017657,0.15394466445835014,-0.06690788342786928,2.9876479891314434,-0.0,0.0,0.0,0.0
17.83999999999971,3.6080000000000023,2.4280000000000013,2.421999999999996,0.0,0.0,0.0,3.2399164635535547,0.15394466445835014,-0.09832380996376722,2.9876479891314434,-0.0,0.0,0.0,0.0
17.859999999999708,3.6080000000000023,2.4280000000000013,2.421999999999996,0.0,0.0,0.0,3.2713323900894524,0.15394466445835014,-0.12973973649966514,2.9876479891314434,-0.0,0.0,0.0,0.0
17.879999999999708,3.6080000000000023,2.4280000000000013,2.421999999999996,0.0,0.0,0.0,3.30274831662535,0.15394466445835014,-0.16115566303556306,2.9876479891314434,-0.0,0.0,0.0,0.0
17.899999999999707,3.6080000000000023,2.4280000000000013,2.421999999999996,0.0,0.0,0.0,3.334164243161248,0.15394466445835014,-0.19257158957146098,2.9876479891314434,-0.0,0.0,0.0,0.0
17.919999999999707,3.6080000000000023,2.4280000000000013,2.421999999999996,0.0,0.0,0.0,3.35268598681254,0.15394466445835014,-0.21109333322274665,2.9876479891314434,-0.0,0.0,0.0,0.0
17.939999999999706,3.6076991281182256,2.428263583211513,2.422319999999996,0.02,0.0,0.016,3.35268598681254,0.15394466445835014,-0.21109333322274665,2.9876479891314434,-0.01718138527593162,0.023477648945326703,0.01718138527593162,-0.023477648945326706
17.959999999999706,3.6070971313918254,2.4287904607300677,2.4229599999999962,0.04,0.0,0.032,3.35268598681254,0.15394466445835014,-0.21109333322274665,2.9876479891314434,-0.03436277055186324,0.046955297890653405,0.03436277055186324,-0.04695529789065341
17.979999999999706,3.6061935043575057,2.429580054342159,2.4239199999999963,0.06,0.0,0.048,3.35268598681254,0.15394466445835014,-0.21109333322274665,2.9876479891314434,-0.051544155827794876,0.0704329468359801,0.05154415582779487,-0.07043294683598011
17.999999999999705,3.604987489977225,2.4306314957171438,2.4251999999999962,0.08,0.0,0.064,3.35268598681254,0.15394466445835014,-0.21109333322274665,2.9876479891314434,-0.06872554110372649,0.09391059578130681,0.06872554110372649,-0.09391059578130682
18.019999999999705,3.603478081029009,2.4319436251976874,2.426799999999996,0.1,0.0,0.08,3.35268598681254,0.15394466445835014,-0.21109333322274665,2.9876479891314434,-0.08590692637965813,0.1173882447266335,0.08590692637965812,-0.11738824472663352
18.039999999999704,3.601664021965583,2.4335149901918665,2.428719999999996,0.12000000000000001,0.0,0.096,3.35268598681254,0.15394466445835014,-0.21109333322274665,2.9876479891314434,-0.10308831165558975,0.14086589367196023,0.10308831165558974,-0.14086589367196026
18.059999999999704,3.5995438112444176,2.4353438431711107,2.4309599999999962,0.14,0.0,0.112,3.35268598681254,0.15394466445835014,-0.21109333322274665,2.9876479891314434,-0.12026969693152138,0.16434354261728693,0.12026969693152137,-0.16434354261728695
18.079999999999703,3.5971157041336475,2.4374281392792065,2.433519999999996,0.16,0.0,0.128,3.35268598681254,0.15394466445835014,-0.21109333322274665,2.9876479891314434,-0.13745108220745297,0.18782119156261362,0.13745108220745297,-0.18782119156261365
18.099999999999703,3.5943777159992045,2.4397655335586768,2.4363999999999963,0.18,0.0,0.14400000000000002,3.35268598681254,0.15394466445835014,-0.21109333322274665,2.9876479891314434,-0.15463246748338463,0.2112988405079403,0.15463246748338463,-0.21129884050794032
18.119999999999703,3.5913276260793294,2.4423533778019317,2.4395999999999964,0.19999999999999998,0.0,0.16000000000000003,3.35268598681254,0.15394466445835014,-0.21109333322274665,2.9876479891314434,-0.17181385275931624,0.23477648945326698,0.1718138527593162,-0.234776489453267
18.139999999999702,3.5879629817534573,2.445188717035699,2.4431199999999964,0.21999999999999997,0.0,0.17600000000000002,3.35268598681254,0.15394466445835014,-0.21109333322274665,2.9876479891314434,-0.18899523803524784,0.2582541383985937,0.18899523803524781,-0.25825413839859374
18.1599999999997,3.5842811033132653,2.448268285648364,2.4469599999999962,0.23999999999999996,0.0,0.192,3.35268598681254,0.15394466445835014,-0.21109333322274665,2.9876479891314434,-0.20617662331117945,0.2817317873439204,0.20617662331117942,-0.28173178734392046
18.1799999999997,3.580279089244441,2.4515885031710076,2.4511199999999964,0.25999999999999995,0.0,0.20800000000000002,3.35268598681254,0.15394466445835014,-0.21109333322274665,2.9876479891314434,-0.22335800858711108,0.30520943628924707,0.22335800858711108,-0.3052094362892471
18.1999999999997,3.575953822028464,2.455145469724095,2.4555999999999965,0.27999999999999997,0.0,0.224,3.35268598681254,0.15394466445835014,-0.21109333322274665,2.9876479891314434,-0.2405393938630427,0.3286870852345738,0.24053939386304268,-0.32868708523457385
18.2199999999997,3.5713019744744012,2.458934961142981,2.4603999999999964,0.3,0.0,0.24,3.35268598681254,0.15394466445835014,-0.21109333322274665,2.9876479891314434,-0.2577207791389744,0.35216473417990046,0.25772077913897434,-0.3521647341799005
18.2399999999997,3.566320016591371,2.4629524237966103,2.465519999999996,0.32,0.0,0.256,3.35268598681254,0.15394466445835014,-0.21109333322274665,2.9876479891314434,-0.27490216441490595,0.37564238312522724,0.27490216441490595,-0.3756423831252273
18.2599999999997,3.561004223012967,2.4671929691150694,2.4709599999999963,0.34,0.0,0.272,3.35268598681254,0.15394466445835014,-0.21109333322274665,2.9876479891314434,-0.29208354969083766,0.39912003207055397,0.2920835496908376,-0.39912003207055397
18.2799999999997,3.5553506809854887,2.4716513678429157,2.4767199999999963,0.36000000000000004,0.0,0.28800000000000003,3.35268598681254,0.15394466445835014,-0.21109333322274665,2.9876479891314434,-0.30926493496676927,0.4225976810158807,0.30926493496676927,-0.42259768101588074
18.2999999999997,3.5493552989323764,2.4763220440365554,2.482799999999996,0.38000000000000006,0.0,0.30400000000000005,3.35268598681254,0.15394466445835014,-0.21109333322274665,2.9876479891314434,-0.3264463202427009,0.4460753299612074,0.32644632024270087,-0.4460753299612074
18.3199999999997,3.543013815607699,2.4811990688252767,2.4891999999999963,0.4000000000000001,0.0,0.32000000000000006,3.35268598681254,0.15394466445835014,-0.21109333322274665,2.9876479891314434,-0.3436277055186326,0.4695529789065341,0.34362770551863253,-0.46955297890653414
18.339999999999698,3.5363218098519718,2.4862761539569562,2.4959199999999964,0.4200000000000001,0.0,0.3360000000000001,3.35268598681254,0.15394466445835014,-0.21109333322274665,2.9876479891314434,-0.36080909079456414,0.49303062785186086,0.36080909079456414,-0.4930306278518609
18.359999999999697,3.529274710963931,2.491546645150875,2.5029599999999963,0.4400000000000001,0.0,0.3520000000000001,3.35268598681254,0.15394466445835014,-0.21109333322274665,2.9876479891314434,-0.37799047607049585,0.5165082767971876,0.3779904760704958,-0.5165082767971877
18.379999999999697,3.5218678097021745,2.497003515281549,2.510319999999996,0.46000000000000013,0.0,0.3680000000000001,3.35268598681254,0.15394466445835014,-0.21109333322274665,2.9876479891314434,-0.39517186134642746,0.5399859257425144,0.3951718613464274,-0.5399859257425144
18.399999999999697,3.5140962699308043,2.5026393574189822,2.5179999999999962,0.48000000000000015,0.0,0.3840000000000001,3.35268598681254,0.15394466445835014,-0.21109333322274665,2.9876479891314434,-0.4123532466223591,0.563463574687841,0.41235324662235906,-0.5634635746878411
18.419999999999696,3.5059551409233327,2.508446377752295,2.5259999999999962,0.5,0.0,0.4,3.35268598681254,0.15394466445835014,-0.21109333322274665,2.9876479891314434,-0.4295346318982906,0.5869412236331676,0.42953463189829055,-0.5869412236331677
18.439999999999696,3.497767816763464,2.5141880839245956,2.5339999999999963,0.5,0.0,0.4,3.35268598681254,0.15394466445835014,-0.21109333322274665,2.9876479891314434,-0.4295346318982906,0.5869412236331676,0.42953463189829055,-0.5869412236331677
18.459999999999695,3.48953482143715,2.5198641084686493,2.5419999999999963,0.5,0.0,0.4,3.35268598681254,0.15394466445835014,-0.21109333322274665,2.9876479891314434,-0.4295346318982906,0.5869412236331676,0.42953463189829055,-0.5869412236331677
18.479999999999695,3.481256681853282,2.525474088120822,2.5499999999999963,0.5,0.0,0.4,3.35268598681254,0.15394466445835014,-0.21109333322274665,2.9876479891314434,-0.4295346318982906,0.5869412236331676,0.42953463189829055,-0.5869412236331677
18.499999999999694,3.472933927809967,2.531017663844332,2.5579999999999963,0.5,0.0,0.4,3.35268598681254,0.15394466445835014,-0.21109333322274665,2.9876479891314434,-0.4295346318982906,0.5869412236331676,0.42953463189829055,-0.5869412236331677
18.519999999999694,3.464567091960623,2.536494480852224,2.5659999999999963,0.5,0.0,0.4,3.35268598681254,0.15394466445835014,-0.21109333322274665,2.9876479891314434,-0.4295346318982906,0.5869412236331676,0.42953463189829055,-0.5869412236331677
18.539999999999694,3.4561567097798886,2.5419041886300797,2.5739999999999963,0.5,0.0,0.4,3.35268598681254,0.15394466445835014,-0.21109333322274665,2.9876479891314434,-0.4295346318982906,0.5869412236331676,0.42953463189829055,-0.5869412236331677
18.559999999999693,3.447703319529353,2.5472464409584474,2.5819999999999963,0.5,0.0,0.4,3.35268598681254,0.15394466445835014,-0.21109333322274665,2.9876479891314434,-0.4295346318982906,0.5869412236331676,0.42953463189829055,-0.5869412236331677
18.579999999999693,3.439207462223106,2.5525208959350016,2.5899999999999963,0.5,0.0,0.4,3.35268598681254,0.15394466445835014,-0.21109333322274665,2.9876479891314434,-0.4295346318982906,0.5869412236331676,0.42953463189829055,-0.5869412236331677
18.599999999999692,3.430669681593116,2.5577272159964246,2.5979999999999963,0.5,0.0,0.4,3.35268598681254,0.15394466445835014,-0.21109333322274665,2.9876479891314434,-0.4295346318982906,0.5869412236331676,0.42953463189829055,-0.5869412236331677
18.619999999999692,3.422090524054429,2.562865067940009,2.6059999999999963,0.5,0.0,0.4,3.35268598681254,0.15394466445835014,-0.21109333322274665,2.9876479891314434,-0.4295346318982906,0.5869412236331676,0.42953463189829055,-0.5869412236331677
18.63999999999969,3.413470538670199,2.5679341229449846,2.6139999999999963,0.5,0.0,0.4,3.35268598681254,0.15394466445835014,-0.21109333322274665,2.9876479891314434,-0.4295346318982906,0.5869412236331676,0.42953463189829055,-0.5869412236331677
18.65999999999969,3.4048102771165483,2.572934056593561,2.6219999999999963,0.5,0.0,0.4,3.35268598681254,0.15394466445835014,-0.21109333322274665,2.9876479891314434,-0.4295346318982906,0.5869412236331676,0.42953463189829055,-0.5869412236331677
18.67999999999969,3.3961102936472605,2.577864548891691,2.6299999999999963,0.5,0.0,0.4,3.35268598681254,0.15394466445835014,-0.21109333322274665,2.9876479891314434,-0.4295346318982906,0.5869412236331676,0.42953463189829055,-0.5869412236331677
18.69999999999969,3.3873711450583075,2.582725284289551,2.6379999999999963,0.5,0.0,0.4,3.35268598681254,0.15394466445835014,-0.21109333322274665,2.9876479891314434,-0.4295346318982906,0.5869412236331676,0.42953463189829055,-0.5869412236331677
18.71999999999969,3.3785933906522168,2.5875159517017345,2.6459999999999964,0.5,0.0,0.4,3.35268598681254,0.15394466445835014,-0.21109333322274665,2.9876479891314434,-0.4295346318982906,0.5869412236331676,0.42953463189829055,-0.5869412236331677
18.73999999999969,3.3697775922022735,2.5922362445271623,2.6539999999999964,0.5,0.0,0.4,3.35268598681254,0.15394466445835014,-0.21109333322274665,2.9876479891314434,-0.4295346318982906,0.5869412236331676,0.42953463189829055,-0.5869412236331677
18.75999999999969,3.36092431391657,2.5968858606687046,2.6619999999999964,0.5,0.0,0.4,3.35268598681254,0.15394466445835014,-0.21109333322274665,2.9876479891314434,-0.4295346318982906,0.5869412236331676,0.42953463189829055,-0.5869412236331677
18.77999999999969,3.352034122401894,2.601464502552516,2.6699999999999964,0.5,0.0,0.4,3.35268598681254,0.15394466445835014,-0.21109333322274665,2.9876479891314434,-0.4295346318982906,0.5869412236331676,0.42953463189829055,-0.5869412236331677
18.799999999999688,3.3431075866274687,2.6059718771470783,2.6779999999999964,0.5,0.0,0.4,3.35268598681254,0.15394466445835014,-0.21109333322274665,2.9876479891314434,-0.4295346318982906,0.5869412236331676,0.42953463189829055,-0.5869412236331677
18.819999999999688,3.334145277888536,2.610407695981956,2.6859999999999964,0.5,0.0,0.4,3.35268598681254,0.15394466445835014,-0.21109333322274665,2.9876479891314434,-0.4295346318982906,0.5869412236331676,0.42953463189829055,-0.5869412236331677
18.839999999999687,3.3251477697697966,2.6147716751662577,2.6939999999999964,0.5,0.0,0.4,3.35268598681254,0.15394466445835014,-0.21109333322274665,2.9876479891314434,-0.4295346318982906,0.5869412236331676,0.42953463189829055,-0.5869412236331677
18.859999999999687,3.3161156381086987,2.6190635354068053,2.7019999999999964,0.5,0.0,0.4,3.35268598681254,0.15394466445835014,-0.21109333322274665,2.9876479891314434,-0.4295346318982906,0.5869412236331676,0.42953463189829055,-0.5869412236331677
18.879999999999686,3.3070494609585857,2.6232830020260085,2.7099999999999964,0.5,0.0,0.4,3.35268598681254,0.15394466445835014,-0.21109333322274665,2.9876479891314434,-0.4295346318982906,0.5869412236331676,0.42953463189829055,-0.5869412236331677
18.899999999999686,3.2979498185517,2.627429804979444,2.7179999999999964,0.5,0.0,0.4,3.35268598681254,0.15394466445835014,-0.21109333322274665,2.9876479891314434,-0.4295346318982906,0.5869412236331676,0.42953463189829055,-0.5869412236331677
18.919999999999686,3.288817293262051,2.631503678873137,2.7259999999999964,0.5,0.0,0.4,3.35268598681254,0.15394466445835014,-0.21109333322274665,2.9876479891314434,-0.4295346318982906,0.5869412236331676,0.42953463189829055,-0.5869412236331677
18.939999999999685,3.2796524695681386,2.6355043629805506,2.7339999999999964,0.5,0.0,0.4,3.35268598681254,0.15394466445835014,-0.21109333322274665,2.9876479891314434,-0.4295346318982906,0.5869412236331676,0.42953463189829055,-0.5869412236331677
18.959999999999685,3.2704559340155517,2.6394316012592665,2.7419999999999964,0.5,0.0,0.4,3.35268598681254,0.15394466445835014,-0.21109333322274665,2.9876479891314434,-0.4295346318982906,0.5869412236331676,0.42953463189829055,-0.5869412236331677
18.979999999999684,3.2612282751794264,2.6432851423673753,2.7499999999999964,0.5,0.0,0.4,3.35268598681254,0.15394466445835014,-0.21109333322274665,2.9876479891314434,-0.4295346318982906,0.5869412236331676,0.42953463189829055,-0.5869412236331677
18.999999999999684,3.251970083626779,2.647064739679562,2.7579999999999965,0.5,0.0,0.4,3.35268598681254,0.15394466445835014,-0.21109333322274665,2.9876479891314434,-0.4295346318982906,0.5869412236331676,0.42953463189829055,-0.5869412236331677
19.019999999999683,3.242681951878708,2.650770151302888,2.7659999999999965,0.5,0.0,0.4,3.35268598681254,0.15394466445835014,-0.21109333322274665,2.9876479891314434,-0.4295346318982906,0.5869412236331676,0.42953463189829055,-0.5869412236331677
19.039999999999683,3.2333644743724754,2.654401140092275,2.7739999999999965,0.5,0.0,0.4,3.35268598681254,0.15394466445835014,-0.21109333322274665,2.9876479891314434,-0.4295346318982906,0.5869412236331676,0.42953463189829055,-0.5869412236331677
19.059999999999683,3.2240182474234613,2.6579574736656797,2.7819999999999965,0.5,0.0,0.4,3.35268598681254,0.15394466445835014,-0.21109333322274665,2.9876479891314434,-0.4295346318982906,0.5869412236331676,0.42953463189829055,-0.5869412236331677
19.079999999999682,3.214643869187,2.6614389244189667,2.7899999999999965,0.5,0.0,0.4,3.35268598681254,0.15394466445835014,-0.21109333322274665,2.9876479891314434,-0.4295346318982906,0.5869412236331676,0.42953463189829055,-0.5869412236331677
19.09999999999968,3.2052419396200986,2.6648452695404763,2.7979999999999965,0.5,0.0,0.4,3.35268598681254,0.15394466445835014,-0.21109333322274665,2.9876479891314434,-0.4295346318982906,0.5869412236331676,0.42953463189829055,-0.5869412236331677
19.11999999999968,3.1958130604430406,2.6681762910252838,2.8059999999999965,0.5,0.0,0.4,3.35268598681254,0.15394466445835014,-0.21109333322274665,2.9876479891314434,-0.4295346318982906,0.5869412236331676,0.42953463189829055,-0.5869412236331677
19.13999999999968,3.186357835100875,2.671431775689151,2.8139999999999965,0.5,0.0,0.4,3.35268598681254,0.15394466445835014,-0.21109333322274665,2.9876479891314434,-0.4295346318982906,0.5869412236331676,0.42953463189829055,-0.5869412236331677
19.15999999999968,3.176876868724796,2.6746115151821703,2.8219999999999965,0.5,0.0,0.4,3.35268598681254,0.15394466445835014,-0.21109333322274665,2.9876479891314434,-0.4295346318982906,0.5869412236331676,0.42953463189829055,-0.5869412236331677
19.17999999999968,3.167370768093416,2.6777153060020997,2.8299999999999965,0.5,0.0,0.4,3.35268598681254,0.15394466445835014,-0.21109333322274665,2.9876479891314434,-0.4295346318982906,0.5869412236331676,0.42953463189829055,-0.5869412236331677
19.19999999999968,3.15784014159393,2.6807429495073865,2.8379999999999965,0.5,0.0,0.4,3.35268598681254,0.15394466445835014,-0.21109333322274665,2.9876479891314434,-0.4295346318982906,0.5869412236331676,0.42953463189829055,-0.5869412236331677
19.21999999999968,3.1482855991831817,2.683694251929879,2.8459999999999965,0.5,0.0,0.4,3.35268598681254,0.15394466445835014,-0.21109333322274665,2.9876479891314434,-0.4295346318982906,0.5869412236331676,0.42953463189829055,-0.5869412236331677
19.23999999999968,3.1387077523486235,2.6865690243872304,2.8539999999999965,0.5,0.0,0.4,3.35268598681254,0.15394466445835014,-0.21109333322274665,2.9876479891314434,-0.4295346318982906,0.5869412236331676,0.42953463189829055,-0.5869412236331677
19.25999999999968,3.1291072140691836,2.689367082894984,2.8619999999999965,0.5,0.0,0.4,3.35268598681254,0.15394466445835014,-0.21109333322274665,2.9876479891314434,-0.4295346318982906,0.5869412236331676,0.42953463189829055,-0.5869412236331677
19.279999999999678,3.119484598776035,2.692088248378351,2.8699999999999966,0.5,0.0,0.4,3.35268598681254,0.15394466445835014,-0.21109333322274665,2.9876479891314434,-0.4295346318982906,0.5869412236331676,0.42953463189829055,-0.5869412236331677
19.299999999999677,3.109840522313272,2.6947323466836686,2.8779999999999966,0.5,0.0,0.4,3.35268598681254,0.15394466445835014,-0.21109333322274665,2.9876479891314434,-0.4295346318982906,0.5869412236331676,0.42953463189829055,-0.5869412236331677
19.319999999999677,3.100175601898496,2.6972992085895484,2.8859999999999966,0.5,0.0,0.4,3.35268598681254,0.15394466445835014,-0.21109333322274665,2.9876479891314434,-0.4295346318982906,0.5869412236331676,0.42953463189829055,-0.5869412236331677
19.339999999999677,3.0904904560833155,2.6997886698177043,2.8939999999999966,0.5,0.0,0.4,3.35268598681254,0.15394466445835014,-0.21109333322274665,2.9876479891314434,-0.4295346318982906,0.5869412236331676,0.42953463189829055,-0.5869412236331677
19.359999999999676,3.080785704713756,2.7022005710434676,2.9019999999999966,0.5,0.0,0.4,3.35268598681254,0.15394466445835014,-0.21109333322274665,2.9876479891314434,-0.4295346318982906,0.5869412236331676,0.42953463189829055,-0.5869412236331677
19.379999999999676,3.071061968890593,2.7045347579059826,2.9099999999999966,0.5,0.0,0.4,3.35268598681254,0.15394466445835014,-0.21109333322274665,2.9876479891314434,-0.4295346318982906,0.5869412236331676,0.42953463189829055,-0.5869412236331677
19.399999999999675,3.0613198709295997,2.7067910810180873,2.9179999999999966,0.5,0.0,0.4,3.35268598681254,0.15394466445835014,-0.21109333322274665,2.9876479891314434,-0.4295346318982906,0.5869412236331676,0.42953463189829055,-0.5869412236331677
19.419999999999675,3.051560034321721,2.7089693959758727,2.9259999999999966,0.5,0.0,0.4,3.35268598681254,0.15394466445835014,-0.21109333322274665,2.9876479891314434,-0.4295346318982906,0.5869412236331676,0.42953463189829055,-0.5869412236331677
19.439999999999674,3.0417830836931676,2.711069563367925,2.9339999999999966,0.5,0.0,0.4,3.35268598681254,0.15394466445835014,-0.21109333322274665,2.9876479891314434,-0.4295346318982906,0.5869412236331676,0.42953463189829055,-0.5869412236331677
19.459999999999674,3.0319896447654435,2.713091448784248,2.9419999999999966,0.5,0.0,0.4,3.35268598681254,0.15394466445835014,-0.21109333322274665,2.9876479891314434,-0.4295346318982906,0.5869412236331676,0.42953463189829055,-0.5869412236331677
19.479999999999674,3.022180344315297,2.7150349228248647,2.9499999999999966,0.5,0.0,0.4,3.35268598681254,0.15394466445835014,-0.21109333322274665,2.9876479891314434,-0.4295346318982906,0.5869412236331676,0.42953463189829055,-0.5869412236331677
19.499999999999673,3.0123558101346077,2.7168998611081006,2.9579999999999966,0.5,0.0,0.4,3.35268598681254,0.15394466445835014,-0.21109333322274665,2.9876479891314434,-0.4295346318982906,0.5869412236331676,0.42953463189829055,-0.5869412236331677
19.519999999999673,3.002516670990211,2.7186861442785415,2.9659999999999966,0.5,0.0,0.4,3.35268598681254,0.15394466445835014,-0.21109333322274665,2.9876479891314434,-0.4295346318982906,0.5869412236331676,0.42953463189829055,-0.5869412236331677
19.539999999999672,2.992663556583653,2.7203936580146744,2.9739999999999966,0.5,0.0,0.4,3.35268598681254,0.15394466445835014,-0.21109333322274665,2.9876479891314434,-0.4295346318982906,0.5869412236331676,0.42953463189829055,-0.5869412236331677
19.559999999999672,2.9827970975108924,2.7220222930362032,2.9819999999999967,0.5,0.0,0.4,3.35268598681254,0.15394466445835014,-0.21109333322274665,2.9876479891314434,-0.4295346318982906,0.5869412236331676,0.42953463189829055,-0.5869412236331677
19.57999999999967,2.972917925221943,2.7235719451110425,2.9899999999999967,0.5,0.0,0.4,3.35268598681254,0.15394466445835014,-0.21109333322274665,2.9876479891314434,-0.4295346318982906,0.5869412236331676,0.42953463189829055,-0.5869412236331677
19.59999999999967,2.963026671980458,2.7250425150619884,2.9979999999999967,0.5,0.0,0.4,3.35268598681254,0.15394466445835014,-0.21109333322274665,2.9876479891314434,-0.4295346318982906,0.5869412236331676,0.42953463189829055,-0.5869412236331677
19.61999999999967,2.95312397082327,2.726433908773066,3.0059999999999967,0.5,0.0,0.4,3.35268598681254,0.15394466445835014,-0.21109333322274665,2.9876479891314434,-0.4295346318982906,0.5869412236331676,0.42953463189829055,-0.5869412236331677
19.63999999999967,2.9432104555198717,2.727746037195552,3.0139999999999967,0.5,0.0,0.4,3.35268598681254,0.15394466445835014,-0.21109333322274665,2.9876479891314434,-0.4295346318982906,0.5869412236331676,0.42953463189829055,-0.5869412236331677
19.65999999999967,2.9332867605318595,2.7289788163536763,3.0219999999999967,0.5,0.0,0.4,3.35268598681254,0.15394466445835014,-0.21109333322274665,2.9876479891314434,-0.4295346318982906,0.5869412236331676,0.42953463189829055,-0.5869412236331677
19.67999999999967,2.923353520972325,2.7301321673499928,3.0299999999999967,0.5,0.0,0.4,3.35268598681254,0.15394466445835014,-0.21109333322274665,2.9876479891314434,-0.4295346318982906,0.5869412236331676,0.42953463189829055,-0.5869412236331677
19.69999999999967,2.9134113725652098,2.731206016370432,3.0379999999999967,0.5,0.0,0.4,3.35268598681254,0.15394466445835014,-0.21109333322274665,2.9876479891314434,-0.4295346318982906,0.5869412236331676,0.42953463189829055,-0.5869412236331677
19.71999999999967,2.903460951604618,2.7322002946890227,3.0459999999999967,0.5,0.0,0.4,3.35268598681254,0.15394466445835014,-0.21109333322274665,2.9876479891314434,-0.4295346318982906,0.5869412236331676,0.42953463189829055,-0.5869412236331677
19.739999999999668,2.893502894914095,2.733114938672292,3.0539999999999967,0.5,0.0,0.4,3.35268598681254,0.15394466445835014,-0.21109333322274665,2.9876479891314434,-0.4295346318982906,0.5869412236331676,0.42953463189829055,-0.5869412236331677
19.759999999999668,2.8835378398058698,2.733949889783337,3.0619999999999967,0.5,0.0,0.4,3.35268598681254,0.15394466445835014,-0.21109333322274665,2.9876479891314434,-0.4295346318982906,0.5869412236331676,0.42953463189829055,-0.5869412236331677
19.779999999999667,2.873566424040068,2.734705094585572,3.0699999999999967,0.5,0.0,0.4,3.35268598681254,0.15394466445835014,-0.21109333322274665,2.9876479891314434,-0.4295346318982906,0.5869412236331676,0.42953463189829055,-0.5869412236331677
19.799999999999667,2.8635892857838945,2.7353805047461472,3.0779999999999967,0.5,0.0,0.4,3.35268598681254,0.15394466445835014,-0.21109333322274665,2.9876479891314434,-0.4295346318982906,0.5869412236331676,0.42953463189829055,-0.5869412236331677
19.819999999999666,2.853607063570793,2.735976077039043,3.0859999999999967,0.5,0.0,0.4,3.35268598681254,0.15394466445835014,-0.21109333322274665,2.9876479891314434,-0.4295346318982906,0.5869412236331676,0.42953463189829055,-0.5869412236331677
19.839999999999666,2.843620396259577,2.736491773347836,3.0939999999999968,0.5,0.0,0.4,3.35268598681254,0.15394466445835014,-0.21109333322274665,2.9876479891314434,-0.4295346318982906,0.5869412236331676,0.42953463189829055,-0.5869412236331677
19.859999999999665,2.8336299229935467,2.736927560668138,3.1019999999999968,0.5,0.0,0.4,3.35268598681254,0.15394466445835014,-0.21109333322274665,2.9876479891314434,-0.4295346318982906,0.5869412236331676,0.42953463189829055,-0.5869412236331677
19.879999999999665,2.8236362831595803,2.7372834111097095,3.1099999999999968,0.5,0.0,0.4,3.35268598681254,0.15394466445835014,-0.21109333322274665,2.9876479891314434,-0.4295346318982906,0.5869412236331676,0.42953463189829055,-0.5869412236331677
19.899999999999665,2.8136401163472162,2.737559301898244,3.1179999999999968,0.5,0.0,0.4,3.35268598681254,0.15394466445835014,-0.21109333322274665,2.9876479891314434,-0.4295346318982906,0.5869412236331676,0.42953463189829055,-0.5869412236331677
19.919999999999664,2.8036420623077185,2.7377552153768243,3.125999999999997,0.5,0.0,0.4,3.35268598681254,0.15394466445835014,-0.21109333322274665,2.9876479891314434,-0.4295346318982906,0.5869412236331676,0.42953463189829055,-0.5869412236331677
19.939999999999664,2.793642760913133,2.737871139007056,3.133999999999997,0.5,0.0,0.4,3.35268598681254,0.15394466445835014,-0.21109333322274665,2.9876479891314434,-0.4295346318982906,0.5869412236331676,0.42953463189829055,-0.5869412236331677
19.959999999999663,2.783642852115336,2.737907065369865,3.141999999999997,0.5,0.0,0.4,3.35268598681254,0.15394466445835014,-0.21109333322274665,2.9876479891314434,-0.4295346318982906,0.5869412236331676,0.42953463189829055,-0.5869412236331677
19.979999999999663,2.773642975905077,2.737862992165977,3.149999999999997,0.5,0.0,0.4,3.35268598681254,0.15394466445835014,-0.21109333322274665,2.9876479891314434,-0.4295346318982906,0.5869412236331676,0.42953463189829055,-0.5869412236331677
19.999999999999662,2.76364377227102,2.7377389222160624,3.157999999999997,0.5,0.0,0.4,3.35268598681254,0.15394466445835014,-0.21109333322274665,2.9876479891314434,-0.4295346318982906,0.5869412236331676,0.42953463189829055,-0.5869412236331677
20.019999999999662,2.753645881158785,2.737534863460555,3.165999999999997,0.5,0.0,0.4,3.35268598681254,0.15394466445835014,-0.21109333322274665,2.9876479891314434,-0.4295346318982906,0.5869412236331676,0.42953463189829055,-0.5869412236331677
20.03999999999966,2.7436499424299905,2.737250828959146,3.173999999999997,0.5,0.0,0.4,3.35268598681254,0.15394466445835014,-0.21109333322274665,2.9876479891314434,-0.4295346318982906,0.5869412236331676,0.42953463189829055,-0.5869412236331677
20.05999999999966,2.7336565958213033,2.7368868368899464,3.181999999999997,0.5,0.0,0.4,3.35268598681254,0.15394466445835014,-0.21109333322274665,2.9876479891314434,-0.4295346318982906,0.5869412236331676,0.42953463189829055,-0.5869412236331677
20.07999999999966,2.723666480903495,2.7364429105483237,3.189999999999997,0.5,0.0,0.4,3.35268598681254,0.15394466445835014,-0.21109333322274665,2.9876479891314434,-0.4295346318982906,0.5869412236331676,0.42953463189829055,-0.5869412236331677
20.09999999999966,2.7136802370405104,2.735919078345413,3.197999999999997,0.5,0.0,0.4,3.35268598681254,0.15394466445835014,-0.21109333322274665,2.9876479891314434,-0.4295346318982906,0.5869412236331676,0.42953463189829055,-0.5869412236331677
20.11999999999966,2.7036985033485483,2.735315373806296,3.205999999999997,0.5,0.0,0.4,3.35268598681254,0.15394466445835014,-0.21109333322274665,2.9876479891314434,-0.4295346318982906,0.5869412236331676,0.42953463189829055,-0.5869412236331677
20.13999999999966,2.6937219186551578,2.734631835567858,3.213999999999997,0.5,0.0,0.4,3.35268598681254,0.15394466445835014,-0.21109333322274665,2.9876479891314434,-0.4295346318982906,0.5869412236331676,0.42953463189829055,-0.5869412236331677
20.15999999999966,2.6837511214583536,2.733868507376312,3.221999999999997,0.5,0.0,0.4,3.35268598681254,0.15394466445835014,-0.21109333322274665,2.9876479891314434,-0.4295346318982906,0.5869412236331676,0.42953463189829055,-0.5869412236331677
20.17999999999966,2.6737867498857533,2.7330254380844017,3.229999999999997,0.5,0.0,0.4,3.35268598681254,0.15394466445835014,-0.21109333322274665,2.9876479891314434,-0.4295346318982906,0.5869412236331676,0.42953463189829055,-0.5869412236331677
20.19999999999966,2.6638294416537365,2.7321026816482745,3.237999999999997,0.5,0.0,0.4,3.35268598681254,0.15394466445835014,-0.21109333322274665,2.9876479891314434,-0.4295346318982906,0.5869412236331676,0.42953463189829055,-0.5869412236331677
20.219999999999658,2.653879834026631,2.7311002971240277,3.245999999999997,0.5,0.0,0.4,3.35268598681254,0.15394466445835014,-0.21109333322274665,2.9876479891314434,-0.4295346318982906,0.5869412236331676,0.42953463189829055,-0.5869412236331677
20.239999999999657,2.6439385637759294,2.730018348663928,3.253999999999997,0.5,0.0,0.4,3.35268598681254,0.15394466445835014,-0.21109333322274665,2.9876479891314434,-0.4295346318982906,0.5869412236331676,0.42953463189829055,-0.5869412236331677
20.259999999999657,2.6340062671395335,2.7288569055123073,3.261999999999997,0.5,0.0,0.4,3.35268598681254,0.15394466445835014,-0.21109333322274665,2.9876479891314434,-0.4295346318982906,0.5869412236331676,0.42953463189829055,-0.5869412236331677
20.279999999999657,2.6240835797810385,2.7276160420011317,3.269999999999997,0.5,0.0,0.4,3.35268598681254,0.15394466445835014,-0.21109333322274665,2.9876479891314434,-0.4295346318982906,0.5869412236331676,0.42953463189829055,-0.5869412236331677
20.299999999999656,2.6141711367490483,2.726295837545242,3.277999999999997,0.5,0.0,0.4,3.35268598681254,0.15394466445835014,-0.21109333322274665,2.9876479891314434,-0.4295346318982906,0.5869412236331676,0.42953463189829055,-0.5869412236331677
20.319999999999656,2.6042695724365332,2.7248963766372727,3.285999999999997,0.5,0.0,0.4,3.35268598681254,0.15394466445835014,-0.21109333322274665,2.9876479891314434,-0.4295346318982906,0.5869412236331676,0.42953463189829055,-0.5869412236331677
20.339999999999655,2.59437952054023,2.723417748842244,3.293999999999997,0.5,0.0,0.4,3.35268598681254,0.15394466445835014,-0.21109333322274665,2.9876479891314434,-0.4295346318982906,0.5869412236331676,0.42953463189829055,-0.5869412236331677
20.359999999999655,2.5845016140200836,2.721860048791831,3.301999999999997,0.5,0.0,0.4,3.35268598681254,0.15394466445835014,-0.21109333322274665,2.9876479891314434,-0.4295346318982906,0.5869412236331676,0.42953463189829055,-0.5869412236331677
20.379999999999654,2.57463648505874,2.7202233761783043,3.309999999999997,0.5,0.0,0.4,3.35268598681254,0.15394466445835014,-0.21109333322274665,2.9876479891314434,-0.4295346318982906,0.5869412236331676,0.42953463189829055,-0.5869412236331677
20.399999999999654,2.564784765021086,2.7185078357481527,3.317999999999997,0.5,0.0,0.4,3.35268598681254,0.15394466445835014,-0.21109333322274665,2.9876479891314434,-0.4295346318982906,0.5869412236331676,0.42953463189829055,-0.5869412236331677
20.419999999999654,2.55494708441384,2.7167135372953783,3.325999999999997,0.5,0.0,0.4,3.35268598681254,0.15394466445835014,-0.21109333322274665,2.9876479891314434,-0.4295346318982906,0.5869412236331676,0.42953463189829055,-0.5869412236331677
20.439999999999653,2.5451240728452045,2.71484059565447,3.333999999999997,0.5,0.0,0.4,3.35268598681254,0.15394466445835014,-0.21109333322274665,2.9876479891314434,-0.4295346318982906,0.5869412236331676,0.42953463189829055,-0.5869412236331677
20.459999999999653,2.5353163589845655,2.712889130693053,3.341999999999997,0.5,0.0,0.4,3.35268598681254,0.15394466445835014,-0.21109333322274665,2.9876479891314434,-0.4295346318982906,0.5869412236331676,0.42953463189829055,-0.5869412236331677
20.479999999999652,2.5255245705222635,2.7108592673042184,3.349999999999997,0.5,0.0,0.4,3.35268598681254,0.15394466445835014,-0.21109333322274665,2.9876479891314434,-0.4295346318982906,0.5869412236331676,0.42953463189829055,-0.5869412236331677
20.499999999999652,2.515749334129417,2.708751135398531,3.357999999999997,0.5,0.0,0.4,3.35268598681254,0.15394466445835014,-0.21109333322274665,2.9876479891314434,-0.4295346318982906,0.5869412236331676,0.42953463189829055,-0.5869412236331677
20.51999999999965,2.505991275417819,2.7065648698957125,3.365999999999997,0.5,0.0,0.4,3.35268598681254,0.15394466445835014,-0.21109333322274665,2.9876479891314434,-0.4295346318982906,0.5869412236331676,0.42953463189829055,-0.5869412236331677
20.53999999999965,2.4962510188998963,2.7043006107160097,3.373999999999997,0.5,0.0,0.4,3.35268598681254,0.15394466445835014,-0.21109333322274665,2.9876479891314434,-0.4295346318982906,0.5869412236331676,0.42953463189829055,-0.5869412236331677
20.55999999999965,2.4865291879487414,2.7019585027712365,3.381999999999997,0.5,0.0,0.4,3.35268598681254,0.15394466445835014,-0.21109333322274665,2.9876479891314434,-0.4295346318982906,0.5869412236331676,0.42953463189829055,-0.5869412236331677
20.57999999999965,2.4768264047582167,2.699538695955502,3.389999999999997,0.5,0.0,0.4,3.35268598681254,0.15394466445835014,-0.21109333322274665,2.9876479891314434,-0.4295346318982906,0.5869412236331676,0.42953463189829055,-0.5869412236331677
20.59999999999965,2.4671432903031345,2.697041345135617,3.397999999999997,0.5,0.0,0.4,3.35268598681254,0.15394466445835014,-0.21109333322274665,2.9876479891314434,-0.4295346318982906,0.5869412236331676,0.42953463189829055,-0.5869412236331677
20.61999999999965,2.4574804642995147,2.694466610141181,3.405999999999997,0.5,0.0,0.4,3.35268598681254,0.15394466445835014,-0.21109333322274665,2.9876479891314434,-0.4295346318982906,0.5869412236331676,0.42953463189829055,-0.5869412236331677
20.63999999999965,2.4478385451649234,2.6918146557543547,3.413999999999997,0.5,0.0,0.4,3.35268598681254,0.15394466445835014,-0.21109333322274665,2.9876479891314434,-0.4295346318982906,0.5869412236331676,0.42953463189829055,-0.5869412236331677
20.65999999999965,2.438218149978894,2.689085651699314,3.421999999999997,0.5,0.0,0.4,3.35268598681254,0.15394466445835014,-0.21109333322274665,2.9876479891314434,-0.4295346318982906,0.5869412236331676,0.42953463189829055,-0.5869412236331677
20.679999999999648,2.428619894443435,2.686279772631387,3.429999999999997,0.5,0.0,0.4,3.35268598681254,0.15394466445835014,-0.21109333322274665,2.9876479891314434,-0.4295346318982906,0.5869412236331676,0.42953463189829055,-0.5869412236331677
20.699999999999648,2.4190443928436243,2.6833971981258764,3.437999999999997,0.5,0.0,0.4,3.35268598681254,0.15394466445835014,-0.21109333322274665,2.9876479891314434,-0.4295346318982906,0.5869412236331676,0.42953463189829055,-0.5869412236331677
20.719999999999647,2.4094922580082954,2.680438112666566,3.445999999999997,0.5,0.0,0.4,3.35268598681254,0.15394466445835014,-0.21109333322274665,2.9876479891314434,-0.4295346318982906,0.5869412236331676,0.42953463189829055,-0.5869412236331677
20.739999999999647,2.3999641012708177,2.6774027056339156,3.453999999999997,0.5,0.0,0.4,3.35268598681254,0.15394466445835014,-0.21109333322274665,2.9876479891314434,-0.4295346318982906,0.5869412236331676,0.42953463189829055,-0.5869412236331677
20.759999999999646,2.39046053242997,2.674291171292939,3.461999999999997,0.5,0.0,0.4,3.35268598681254,0.15394466445835014,-0.21109333322274665,2.9876479891314434,-0.4295346318982906,0.5869412236331676,0.42953463189829055,-0.5869412236331677
20.779999999999646,2.380982159710914,2.6711037087807723,3.469999999999997,0.5,0.0,0.4,3.35268598681254,0.15394466445835014,-0.21109333322274665,2.9876479891314434,-0.4295346318982906,0.5869412236331676,0.42953463189829055,-0.5869412236331677
20.799999999999645,2.3715295897262694,2.667840522093928,3.477999999999997,0.5,0.0,0.4,3.35268598681254,0.15394466445835014,-0.21109333322274665,2.9876479891314434,-0.4295346318982906,0.5869412236331676,0.42953463189829055,-0.5869412236331677
20.819999999999645,2.362103427437288,2.6645018200752406,3.485999999999997,0.5,0.0,0.4,3.35268598681254,0.15394466445835014,-0.21109333322274665,2.9876479891314434,-0.4295346318982906,0.5869412236331676,0.42953463189829055,-0.5869412236331677
20.839999999999645,2.352704276115139,2.6610878164004994,3.493999999999997,0.5,0.0,0.4,3.35268598681254,0.15394466445835014,-0.21109333322274665,2.9876479891314434,-0.4295346318982906,0.5869412236331676,0.42953463189829055,-0.5869412236331677
20.859999999999644,2.3433327373022985,2.657598729564774,3.501999999999997,0.5,0.0,0.4,3.35268598681254,0.15394466445835014,-0.21109333322274665,2.9876479891314434,-0.4295346318982906,0.5869412236331676,0.42953463189829055,-0.5869412236331677
20.879999999999644,2.333989410774052,2.6540347828684316,3.509999999999997,0.5,0.0,0.4,3.35268598681254,0.15394466445835014,-0.21109333322274665,2.9876479891314434,-0.4295346318982906,0.5869412236331676,0.42953463189829055,-0.5869412236331677
20.899999999999643,2.324674894500108,2.6503962044028437,3.517999999999997,0.5,0.0,0.4,3.35268598681254,0.15394466445835014,-0.21109333322274665,2.9876479891314434,-0.4295346318982906,0.5869412236331676,0.42953463189829055,-0.5869412236331677
20.919999999999643,2.315389784606329,2.6466832270357905,3.525999999999997,0.5,0.0,0.4,3.35268598681254,0.15394466445835014,-0.21109333322274665,2.9876479891314434,-0.4295346318982906,0.5869412236331676,0.42953463189829055,-0.5869412236331677
20.939999999999642,2.3061346753365783,2.6428960883965558,3.533999999999997,0.5,0.0,0.4,3.35268598681254,0.15394466445835014,-0.21109333322274665,2.9876479891314434,-0.4295346318982906,0.5869412236331676,0.42953463189829055,-0.5869412236331677
20.959999999999642,2.2969101590146908,2.63903503086072,3.541999999999997,0.5,0.0,0.4,3.35268598681254,0.15394466445835014,-0.21109333322274665,2.9876479891314434,-0.4295346318982906,0.5869412236331676,0.42953463189829055,-0.5869412236331677
20.97999999999964,2.287716826006562,2.6351003015346475,3.549999999999997,0.5,0.0,0.4,3.35268598681254,0.15394466445835014,-0.21109333322274665,2.9876479891314434,-0.4295346318982906,0.5869412236331676,0.42953463189829055,-0.5869412236331677
20.99999999999964,2.2785552646823666,2.631092152239672,3.557999999999997,0.5,0.0,0.4,3.35268598681254,0.15394466445835014,-0.21109333322274665,2.9876479891314434,-0.4295346318982906,0.5869412236331676,0.42953463189829055,-0.5869412236331677
21.01999999999964,2.269426061378902,2.6270108394959806,3.565999999999997,0.5,0.0,0.4,3.35268598681254,0.15394466445835014,-0.21109333322274665,2.9876479891314434,-0.4295346318982906,0.5869412236331676,0.42953463189829055,-0.5869412236331677
21.03999999999964,2.2603298003620638,2.6228566245061957,3.573999999999997,0.5,0.0,0.4,3.35268598681254,0.15394466445835014,-0.21109333322274665,2.9876479891314434,-0.4295346318982906,0.5869412236331676,0.42953463189829055,-0.5869412236331677
21.05999999999964,2.2512670637894523,2.6186297731386583,3.581999999999997,0.5,0.0,0.4,3.35268598681254,0.15394466445835014,-0.21109333322274665,2.9876479891314434,-0.4295346318982906,0.5869412236331676,0.42953463189829055,-0.5869412236331677
21.07999999999964,2.2422384316731145,2.6143305559104135,3.589999999999997,0.5,0.0,0.4,3.35268598681254,0.15394466445835014,-0.21109333322274665,2.9876479891314434,-0.4295346318982906,0.5869412236331676,0.42953463189829055,-0.5869412236331677
21.09999999999964,2.233244481842424,2.6099592479698965,3.597999999999997,0.5,0.0,0.4,3.35268598681254,0.15394466445835014,-0.21109333322274665,2.9876479891314434,-0.4295346318982906,0.5869412236331676,0.42953463189829055,-0.5869412236331677
21.11999999999964,2.2242857899071002,2.6055161290793234,3.605999999999997,0.5,0.0,0.4,3.35268598681254,0.15394466445835014,-0.21109333322274665,2.9876479891314434,-0.4295346318982906,0.5869412236331676,0.42953463189829055,-0.5869412236331677
21.139999999999638,2.215362929220369,2.6010014835967863,3.613999999999997,0.5,0.0,0.4,3.35268598681254,0.15394466445835014,-0.21109333322274665,2.9876479891314434,-0.4295346318982906,0.5869412236331676,0.42953463189829055,-0.5869412236331677
21.159999999999638,2.2064764708422686,2.596415600458055,3.621999999999997,0.5,0.0,0.4,3.35268598681254,0.15394466445835014,-0.21109333322274665,2.9876479891314434,-0.4295346318982906,0.5869412236331676,0.42953463189829055,-0.5869412236331677
21.179999999999637,2.197626983503102,2.591758773158086,3.6299999999999972,0.5,0.0,0.4,3.35268598681254,0.15394466445835014,-0.21109333322274665,2.9876479891314434,-0.4295346318982906,0.5869412236331676,0.42953463189829055,-0.5869412236331677
21.199999999999637,2.188815033567039,2.587031299732236,3.6379999999999972,0.5,0.0,0.4,3.35268598681254,0.15394466445835014,-0.21109333322274665,2.9876479891314434,-0.4295346318982906,0.5869412236331676,0.42953463189829055,-0.5869412236331677
21.219999999999636,2.1800411849958667,2.582233482737191,3.6459999999999972,0.5,0.0,0.4,3.35268598681254,0.15394466445835014,-0.21109333322274665,2.9876479891314434,-0.4295346318982906,0.5869412236331676,0.42953463189829055,-0.5869412236331677
21.239999999999636,2.1713059993128994,2.577365629231601,3.6539999999999973,0.5,0.0,0.4,3.35268598681254,0.15394466445835014,-0.21109333322274665,2.9876479891314434,-0.4295346318982906,0.5869412236331676,0.42953463189829055,-0.5869412236331677
21.259999999999636,2.162610035567039,2.5724280507564288,3.6619999999999973,0.5,0.0,0.4,3.35268598681254,0.15394466445835014,-0.21109333322274665,2.9876479891314434,-0.4295346318982906,0.5869412236331676,0.42953463189829055,-0.5869412236331677
21.279999999999635,2.153953850296997,2.5674210633150114,3.6699999999999973,0.5,0.0,0.4,3.35268598681254,0.15394466445835014,-0.21109333322274665,2.9876479891314434,-0.4295346318982906,0.5869412236331676,0.42953463189829055,-0.5869412236331677
21.299999999999635,2.145337997495676,2.562344987352836,3.6779999999999973,0.5,0.0,0.4,3.35268598681254,0.15394466445835014,-0.21109333322274665,2.9876479891314434,-0.4295346318982906,0.5869412236331676,0.42953463189829055,-0.5869412236331677
21.319999999999634,2.1367630285747143,2.5572001477370314,3.6859999999999973,0.5,0.0,0.4,3.35268598681254,0.15394466445835014,-0.21109333322274665,2.9876479891314434,-0.4295346318982906,0.5869412236331676,0.42953463189829055,-0.5869412236331677
21.339999999999634,2.1282294923291962,2.5519868737355775,3.6939999999999973,0.5,0.0,0.4,3.35268598681254,0.15394466445835014,-0.21109333322274665,2.9876479891314434,-0.4295346318982906,0.5869412236331676,0.42953463189829055,-0.5869412236331677
21.359999999999634,2.119737934902529,2.5467054989962303,3.7019999999999973,0.5,0.0,0.4,3.35268598681254,0.15394466445835014,-0.21109333322274665,2.9876479891314434,-0.4295346318982906,0.5869412236331676,0.42953463189829055,-0.5869412236331677
21.379999999999633,2.111288899751489,2.5413563615251706,3.7099999999999973,0.5,0.0,0.4,3.35268598681254,0.15394466445835014,-0.21109333322274665,2.9876479891314434,-0.4295346318982906,0.5869412236331676,0.42953463189829055,-0.5869412236331677
21.399999999999633,2.102882927611442,2.535939803665371,3.7179999999999973,0.5,0.0,0.4,3.35268598681254,0.15394466445835014,-0.21109333322274665,2.9876479891314434,-0.4295346318982906,0.5869412236331676,0.42953463189829055,-0.5869412236331677
21.419999999999632,2.094520556461736,2.530456172074685,3.7259999999999973,0.5,0.0,0.4,3.35268598681254,0.15394466445835014,-0.21109333322274665,2.9876479891314434,-0.4295346318982906,0.5869412236331676,0.42953463189829055,-0.5869412236331677
21.439999999999632,2.0862023214912697,2.524905817703664,3.7339999999999973,0.5,0.0,0.4,3.35268598681254,0.15394466445835014,-0.21109333322274665,2.9876479891314434,-0.4295346318982906,0.5869412236331676,0.42953463189829055,-0.5869412236331677
21.45999999999963,2.0779287550642422,2.519289095773092,3.7419999999999973,0.5,0.0,0.4,3.35268598681254,0.15394466445835014,-0.21109333322274665,2.9876479891314434,-0.4295346318982906,0.5869412236331676,0.42953463189829055,-0.5869412236331677
21.47999999999963,2.069700386686081,2.5136063657512553,3.7499999999999973,0.5,0.0,0.4,3.35268598681254,0.15394466445835014,-0.21109333322274665,2.9876479891314434,-0.4295346318982906,0.5869412236331676,0.42953463189829055,-0.5869412236331677
21.49999999999963,2.0615177429695537,2.507857991330936,3.7579999999999973,0.5,0.0,0.4,3.35268598681254,0.15394466445835014,-0.21109333322274665,2.9876479891314434,-0.4295346318982906,0.5869412236331676,0.42953463189829055,-0.5869412236331677
21.51999999999963,2.0533813476010647,2.502044340406135,3.7659999999999973,0.5,0.0,0.4,3.35268598681254,0.15394466445835014,-0.21109333322274665,2.9876479891314434,-0.4295346318982906,0.5869412236331676,0.42953463189829055,-0.5869412236331677
21.53999999999963,2.045291721307141,2.496165785048527,3.7739999999999974,0.5,0.0,0.4,3.35268598681254,0.15394466445835014,-0.21109333322274665,2.9876479891314434,-0.4295346318982906,0.5869412236331676,0.42953463189829055,-0.5869412236331677
21.55999999999963,2.0372493818211037,2.4902227014836487,3.7819999999999974,0.5,0.0,0.4,3.35268598681254,0.15394466445835014,-0.21109333322274665,2.9876479891314434,-0.4295346318982906,0.5869412236331676,0.42953463189829055,-0.5869412236331677
21.57999999999963,2.0292548438499347,2.484215470066819,3.7899999999999974,0.5,0.0,0.4,3.35268598681254,0.15394466445835014,-0.21109333322274665,2.9876479891314434,-0.4295346318982906,0.5869412236331676,0.42953463189829055,-0.5869412236331677
21.59999999999963,2.021308619041336,2.4781444752587984,3.7979999999999974,0.5,0.0,0.4,3.35268598681254,0.15394466445835014,-0.21109333322274665,2.9876479891314434,-0.4295346318982906,0.5869412236331676,0.42953463189829055,-0.5869412236331677
21.619999999999628,2.013411215950982,2.4720101056011825,3.8059999999999974,0.5,0.0,0.4,3.35268598681254,0.15394466445835014,-0.21109333322274665,2.9876479891314434,-0.4295346318982906,0.5869412236331676,0.42953463189829055,-0.5869412236331677
21.639999999999628,2.005563140009976,2.4658127536915355,3.8139999999999974,0.5,0.0,0.4,3.35268598681254,0.15394466445835014,-0.21109333322274665,2.9876479891314434,-0.4295346318982906,0.5869412236331676,0.42953463189829055,-0.5869412236331677
21.659999999999627,1.9977648934924988,2.4595528161582645,3.8219999999999974,0.5,0.0,0.4,3.35268598681254,0.15394466445835014,-0.21109333322274665,2.9876479891314434,-0.4295346318982906,0.5869412236331676,0.42953463189829055,-0.5869412236331677
21.679999999999627,1.9900169754836656,2.453230693635234,3.8299999999999974,0.5,0.0,0.4,3.35268598681254,0.15394466445835014,-0.21109333322274665,2.9876479891314434,-0.4295346318982906,0.5869412236331676,0.42953463189829055,-0.5869412236331677
21.699999999999626,1.9823198818475847,2.446846790736129,3.8379999999999974,0.5,0.0,0.4,3.35268598681254,0.15394466445835014,-0.21109333322274665,2.9876479891314434,-0.4295346318982906,0.5869412236331676,0.42953463189829055,-0.5869412236331677
21.719999999999626,1.9746741051956214,2.4404015160285546,3.8459999999999974,0.5,0.0,0.4,3.35268598681254,0.15394466445835014,-0.21109333322274665,2.9876479891314434,-0.4295346318982906,0.5869412236331676,0.42953463189829055,-0.5869412236331677
21.739999999999625,1.9670801348548717,2.4338952820078927,3.8539999999999974,0.5,0.0,0.4,3.35268598681254,0.15394466445835014,-0.21109333322274665,2.9876479891314434,-0.4295346318982906,0.5869412236331676,0.42953463189829055,-0.5869412236331677
21.759999999999625,1.9595384568368452,2.4273285050709,3.8619999999999974,0.5,0.0,0.4,3.35268598681254,0.15394466445835014,-0.21109333322274665,2.9876479891314434,-0.4295346318982906,0.5869412236331676,0.42953463189829055,-0.5869412236331677
21.779999999999625,1.9520495538063611,2.4207016054890587,3.8699999999999974,0.5,0.0,0.4,3.35268598681254,0.15394466445835014,-0.21109333322274665,2.9876479891314434,-0.4295346318982906,0.5869412236331676,0.42953463189829055,-0.5869412236331677
21.799999999999624,1.944613905050657,2.41401500738168,3.8779999999999974,0.5,0.0,0.4,3.35268598681254,0.15394466445835014,-0.21109333322274665,2.9876479891314434,-0.4295346318982906,0.5869412236331676,0.42953463189829055,-0.5869412236331677
21.819999999999624,1.937231986448715,2.407269138688761,3.8859999999999975,0.5,0.0,0.4,3.35268598681254,0.15394466445835014,-0.21109333322274665,2.9876479891314434,-0.4295346318982906,0.5869412236331676,0.42953463189829055,-0.5869412236331677
21.839999999999623,1.9299042704408063,2.4004644311435945,3.8939999999999975,0.5,0.0,0.4,3.35268598681254,0.15394466445835014,-0.21109333322274665,2.9876479891314434,-0.4295346318982906,0.5869412236331676,0.42953463189829055,-0.5869412236331677
21.859999999999623,1.9226312259982539,2.3936013202451414,3.9019999999999975,0.5,0.0,0.4,3.35268598681254,0.15394466445835014,-0.21109333322274665,2.9876479891314434,-0.4295346318982906,0.5869412236331676,0.42953463189829055,-0.5869412236331677
21.879999999999622,1.91541331859342,2.3866802452301568,3.9099999999999975,0.5,0.0,0.4,3.35268598681254,0.15394466445835014,-0.21109333322274665,2.9876479891314434,-0.4295346318982906,0.5869412236331676,0.42953463189829055,-0.5869412236331677
21.899999999999622,1.9082510101699144,2.379701649045079,3.9179999999999975,0.5,0.0,0.4,3.35268598681254,0.15394466445835014,-0.21109333322274665,2.9876479891314434,-0.4295346318982906,0.5869412236331676,0.42953463189829055,-0.5869412236331677
21.91999999999962,1.9011447591130317,2.3726659783176816,3.9259999999999975,0.5,0.0,0.4,3.35268598681254,0.15394466445835014,-0.21109333322274665,2.9876479891314434,-0.4295346318982906,0.5869412236331676,0.42953463189829055,-0.5869412236331677
21.93999999999962,1.8940950202204139,2.3655736833284897,3.9339999999999975,0.5,0.0,0.4,3.35268598681254,0.15394466445835014,-0.21109333322274665,2.9876479891314434,-0.4295346318982906,0.5869412236331676,0.42953463189829055,-0.5869412236331677
21.95999999999962,1.8871022446729437,2.358425217981962,3.9419999999999975,0.5,0.0,0.4,3.35268598681254,0.15394466445835014,-0.21109333322274665,2.9876479891314434,-0.4295346318982906,0.5869412236331676,0.42953463189829055,-0.5869412236331677
21.97999999999962,1.8801668800058695,2.3512210397774402,3.9499999999999975,0.5,0.0,0.4,3.35268598681254,0.15394466445835014,-0.21109333322274665,2.9876479891314434,-0.4295346318982906,0.5869412236331676,0.42953463189829055,-0.5869412236331677
21.99999999999962,1.8732893700801625,2.3439616097798712,3.9579999999999975,0.5,0.0,0.4,3.35268598681254,0.15394466445835014,-0.21109333322274665,2.9876479891314434,-0.4295346318982906,0.5869412236331676,0.42953463189829055,-0.5869412236331677
22.01999999999962,1.8664701550541105,2.3366473925902964,3.9659999999999975,0.5,0.0,0.4,3.35268598681254,0.15394466445835014,-0.21109333322274665,2.9876479891314434,-0.4295346318982906,0.5869412236331676,0.42953463189829055,-0.5869412236331677
22.03999999999962,1.8597096713551478,2.3292788563161193,3.9739999999999975,0.5,0.0,0.4,3.35268598681254,0.15394466445835014,-0.21109333322274665,2.9876479891314434,-0.4295346318982906,0.5869412236331676,0.42953463189829055,-0.5869412236331677
22.05999999999962,1.8530083516519231,2.3218564725411466,3.9819999999999975,0.5,0.0,0.4,3.35268598681254,0.15394466445835014,-0.21109333322274665,2.9876479891314434,-0.4295346318982906,0.5869412236331676,0.42953463189829055,-0.5869412236331677
22.079999999999618,1.8463666248266104,2.314380716295406,3.9899999999999975,0.5,0.0,0.4,3.35268598681254,0.15394466445835014,-0.21109333322274665,2.9876479891314434,-0.4295346318982906,0.5869412236331676,0.42953463189829055,-0.5869412236331677
22.099999999999618,1.8397849159474593,2.306852066024746,3.9979999999999976,0.5,0.0,0.4,3.35268598681254,0.15394466445835014,-0.21109333322274665,2.9876479891314434,-0.4295346318982906,0.5869412236331676,0.42953463189829055,-0.5869412236331677
22.119999999999617,1.8332636462415917,2.2992710035602135,4.005999999999998,0.5,0.0,0.4,3.35268598681254,0.15394466445835014,-0.21109333322274665,2.9876479891314434,-0.4295346318982906,0.5869412236331676,0.42953463189829055,-0.5869412236331677
22.139999999999617,1.8268032330680426,2.2916380140872192,4.013999999999998,0.5,0.0,0.4,3.35268598681254,0.15394466445835014,-0.21109333322274665,2.9876479891314434,-0.4295346318982906,0.5869412236331676,0.42953463189829055,-0.5869412236331677
22.159999999999616,1.82040408989105,2.283953586114484,4.021999999999998,0.5,0.0,0.4,3.35268598681254,0.15394466445835014,-0.21109333322274665,2.9876479891314434,-0.4295346318982906,0.5869412236331676,0.42953463189829055,-0.5869412236331677
22.179999999999616,1.8140666262535934,2.276218211442775,4.029999999999998,0.5,0.0,0.4,3.35268598681254,0.15394466445835014,-0.21109333322274665,2.9876479891314434,-0.4295346318982906,0.5869412236331676,0.42953463189829055,-0.5869412236331677
22.199999999999616,1.807791247751182,2.2684323851334307,4.037999999999998,0.5,0.0,0.4,3.35268598681254,0.15394466445835014,-0.21109333322274665,2.9876479891314434,-0.4295346318982906,0.5869412236331676,0.42953463189829055,-0.5869412236331677
22.219999999999615,1.801578356005898,2.2605966054766777,4.045999999999998,0.5,0.0,0.4,3.35268598681254,0.15394466445835014,-0.21109333322274665,2.9876479891314434,-0.4295346318982906,0.5869412236331676,0.42953463189829055,-0.5869412236331677
22.239999999999615,1.7954283486406926,2.2527113739597393,4.053999999999998,0.5,0.0,0.4,3.35268598681254,0.15394466445835014,-0.21109333322274665,2.9876479891314434,-0.4295346318982906,0.5869412236331676,0.42953463189829055,-0.5869412236331677
22.259999999999614,1.7893416192539378,2.244777195234741,4.061999999999998,0.5,0.0,0.4,3.35268598681254,0.15394466445835014,-0.21109333322274665,2.9876479891314434,-0.4295346318982906,0.5869412236331676,0.42953463189829055,-0.5869412236331677
22.279999999999614,1.7833185573942367,2.2367945770864126,4.069999999999998,0.5,0.0,0.4,3.35268598681254,0.15394466445835014,-0.21109333322274665,2.9876479891314434,-0.4295346318982906,0.5869412236331676,0.42953463189829055,-0.5869412236331677
22.299999999999613,1.7773595485354927,2.2287640303995917,4.077999999999998,0.5,0.0,0.4,3.35268598681254,0.15394466445835014,-0.21109333322274665,2.9876479891314434,-0.4295346318982906,0.5869412236331676,0.42953463189829055,-0.5869412236331677
22.319999999999613,1.7714649740522386,2.2206860691265247,4.085999999999998,0.5,0.0,0.4,3.35268598681254,0.15394466445835014,-0.21109333322274665,2.9876479891314434,-0.4295346318982906,0.5869412236331676,0.42953463189829055,-0.5869412236331677
22.339999999999613,1.7656352111952291,2.2125612102539756,4.093999999999998,0.5,0.0,0.4,3.35268598681254,0.15394466445835014,-0.21109333322274665,2.9876479891314434,-0.4295346318982906,0.5869412236331676,0.42953463189829055,-0.5869412236331677
22.359999999999612,1.7598706330672975,2.204389973770139,4.101999999999998,0.5,0.0,0.4,3.35268598681254,0.15394466445835014,-0.21109333322274665,2.9876479891314434,-0.4295346318982906,0.5869412236331676,0.42953463189829055,-0.5869412236331677
22.37999999999961,1.7541716085994763,2.1961728826313616,4.109999999999998,0.5,0.0,0.4,3.35268598681254,0.15394466445835014,-0.21109333322274665,2.9876479891314434,-0.4295346318982906,0.5869412236331676,0.42953463189829055,-0.5869412236331677
22.39999999999961,1.748538502527386,2.1879104627286705,4.117999999999998,0.5,0.0,0.4,3.35268598681254,0.15394466445835014,-0.21109333322274665,2.9876479891314434,-0.4295346318982906,0.5869412236331676,0.42953463189829055,-0.5869412236331677
22.41999999999961,1.7429716753678928,2.1796032428541197,4.125999999999998,0.5,0.0,0.4,3.35268598681254,0.15394466445835014,-0.21109333322274665,2.9876479891314434,-0.4295346318982906,0.5869412236331676,0.42953463189829055,-0.5869412236331677
22.43999999999961,1.7374714833960345,2.1712517546669456,4.133999999999998,0.5,0.0,0.4,3.35268598681254,0.15394466445835014,-0.21109333322274665,2.9876479891314434,-0.4295346318982906,0.5869412236331676,0.42953463189829055,-0.5869412236331677
22.45999999999961,1.73203827862222,2.1628565326595415,4.141999999999998,0.5,0.0,0.4,3.35268598681254,0.15394466445835014,-0.21109333322274665,2.9876479891314434,-0.4295346318982906,0.5869412236331676,0.42953463189829055,-0.5869412236331677
22.47999999999961,1.7266724087697,2.15441811412325,4.149999999999998,0.5,0.0,0.4,3.35268598681254,0.15394466445835014,-0.21109333322274665,2.9876479891314434,-0.4295346318982906,0.5869412236331676,0.42953463189829055,-0.5869412236331677
22.49999999999961,1.721374217252314,2.145937039113978,4.157999999999998,0.5,0.0,0.4,3.35268598681254,0.15394466445835014,-0.21109333322274665,2.9876479891314434,-0.4295346318982906,0.5869412236331676,0.42953463189829055,-0.5869412236331677
22.51999999999961,1.7161440431525103,2.13741385041763,4.165999999999998,0.5,0.0,0.4,3.35268598681254,0.15394466445835014,-0.21109333322274665,2.9876479891314434,-0.4295346318982906,0.5869412236331676,0.42953463189829055,-0.5869412236331677
22.53999999999961,1.7109822211996464,2.1288490935153743,4.173999999999998,0.5,0.0,0.4,3.35268598681254,0.15394466445835014,-0.21109333322274665,2.9876479891314434,-0.4295346318982906,0.5869412236331676,0.42953463189829055,-0.5869412236331677
22.559999999999608,1.705889081748565,2.120243316548729,4.181999999999998,0.5,0.0,0.4,3.35268598681254,0.15394466445835014,-0.21109333322274665,2.9876479891314434,-0.4295346318982906,0.5869412236331676,0.42953463189829055,-0.5869412236331677
22.579999999999607,1.7008649507584528,2.1115970702844824,4.189999999999998,0.5,0.0,0.4,3.35268598681254,0.15394466445835014,-0.21109333322274665,2.9876479891314434,-0.4295346318982906,0.5869412236331676,0.42953463189829055,-0.5869412236331677
22.599999999999607,1.695910149771978,2.102910908079444,4.197999999999998,0.5,0.0,0.4,3.35268598681254,0.15394466445835014,-0.21109333322274665,2.9876479891314434,-0.4295346318982906,0.5869412236331676,0.42953463189829055,-0.5869412236331677
22.619999999999607,1.6910249958947126,2.0941853858450306,4.205999999999998,0.5,0.0,0.4,3.35268598681254,0.15394466445835014,-0.21109333322274665,2.9876479891314434,-0.4295346318982906,0.5869412236331676,0.42953463189829055,-0.5869412236331677
22.639999999999606,1.6862098017748375,2.0854210620116866,4.213999999999998,0.5,0.0,0.4,3.35268598681254,0.15394466445835014,-0.21109333322274665,2.9876479891314434,-0.4295346318982906,0.5869412236331676,0.42953463189829055,-0.5869412236331677
22.659999999999606,1.6814648755831325,2.0766184974931456,4.221999999999998,0.5,0.0,0.4,3.35268598681254,0.15394466445835014,-0.21109333322274665,2.9876479891314434,-0.4295346318982906,0.5869412236331676,0.42953463189829055,-0.5869412236331677
22.679999999999605,1.6767905209932545,2.0677782556505324,4.229999999999998,0.5,0.0,0.4,3.35268598681254,0.15394466445835014,-0.21109333322274665,2.9876479891314434,-0.4295346318982906,0.5869412236331676,0.42953463189829055,-0.5869412236331677
22.699999999999605,1.6721870371623015,2.0589009022563074,4.237999999999998,0.5,0.0,0.4,3.35268598681254,0.15394466445835014,-0.21109333322274665,2.9876479891314434,-0.4295346318982906,0.5869412236331676,0.42953463189829055,-0.5869412236331677
22.719999999999605,1.6676547187116677,2.049987005458058,4.245999999999998,0.5,0.0,0.4,3.35268598681254,0.15394466445835014,-0.21109333322274665,2.9876479891314434,-0.4295346318982906,0.5869412236331676,0.42953463189829055,-0.5869412236331677
22.739999999999604,1.6631938557081867,2.041037135742136,4.253999999999998,0.5,0.0,0.4,3.35268598681254,0.15394466445835014,-0.21109333322274665,2.9876479891314434,-0.4295346318982906,0.5869412236331676,0.42953463189829055,-0.5869412236331677
22.759999999999604,1.658804733645568,2.0320518658971487,4.261999999999998,0.5,0.0,0.4,3.35268598681254,0.15394466445835014,-0.21109333322274665,2.9876479891314434,-0.4295346318982906,0.5869412236331676,0.42953463189829055,-0.5869412236331677
22.779999999999603,1.6544876334261256,2.0230317709772994,4.269999999999998,0.5,0.0,0.4,3.35268598681254,0.15394466445835014,-0.21109333322274665,2.9876479891314434,-0.4295346318982906,0.5869412236331676,0.42953463189829055,-0.5869412236331677
22.799999999999603,1.6502428313428,2.0139774282655836,4.277999999999998,0.5,0.0,0.4,3.35268598681254,0.15394466445835014,-0.21109333322274665,2.9876479891314434,-0.4295346318982906,0.5869412236331676,0.42953463189829055,-0.5869412236331677
22.819999999999602,1.6460705990614755,2.004889417236845,4.285999999999998,0.5,0.0,0.4,3.35268598681254,0.15394466445835014,-0.21109333322274665,2.9876479891314434,-0.4295346318982906,0.5869412236331676,0.42953463189829055,-0.5869412236331677
22.839999999999602,1.641971203603594,1.9957683195206868,4.293999999999998,0.5,0.0,0.4,3.35268598681254,0.15394466445835014,-0.21109333322274665,2.9876479891314434,-0.4295346318982906,0.5869412236331676,0.42953463189829055,-0.5869412236331677
22.8599999999996,1.6379449073290657,1.9866147188642498,4.301999999999998,0.5,0.0,0.4,3.35268598681254,0.15394466445835014,-0.21109333322274665,2.9876479891314434,-0.4295346318982906,0.5869412236331676,0.42953463189829055,-0.5869412236331677
22.8799999999996,1.6339919679194777,1.9774292010948515,4.309999999999998,0.5,0.0,0.4,3.35268598681254,0.15394466445835014,-0.21109333322274665,2.9876479891314434,-0.4295346318982906,0.5869412236331676,0.42953463189829055,-0.5869412236331677
22.8999999999996,1.630112638361603,1.968212354082494,4.317999999999998,0.5,0.0,0.4,3.35268598681254,0.15394466445835014,-0.21109333322274665,2.9876479891314434,-0.4295346318982906,0.5869412236331676,0.42953463189829055,-0.5869412236331677
22.9199999999996,1.626307166931209,1.95896476770224,4.325999999999998,0.5,0.0,0.4,3.35268598681254,0.15394466445835014,-0.21109333322274665,2.9876479891314434,-0.4295346318982906,0.5869412236331676,0.42953463189829055,-0.5869412236331677
22.9399999999996,1.6225757971771686,1.9496870337964611,4.333999999999998,0.5,0.0,0.4,3.35268598681254,0.15394466445835014,-0.21109333322274665,2.9876479891314434,-0.4295346318982906,0.5869412236331676,0.42953463189829055,-0.5869412236331677
22.9599999999996,1.6189187679058723,1.9403797461369607,4.341999999999998,0.5,0.0,0.4,3.35268598681254,0.15394466445835014,-0.21109333322274665,2.9876479891314434,-0.4295346318982906,0.5869412236331676,0.42953463189829055,-0.5869412236331677
22.9799999999996,1.6153363131659453,1.9310435003869721,4.349999999999998,0.5,0.0,0.4,3.35268598681254,0.15394466445835014,-0.21109333322274665,2.9876479891314434,-0.4295346318982906,0.5869412236331676,0.42953463189829055,-0.5869412236331677
22.9999999999996,1.611828662233268,1.9216788940630367,4.357999999999998,0.5,0.0,0.4,3.35268598681254,0.15394466445835014,-0.21109333322274665,2.9876479891314434,-0.4295346318982906,0.5869412236331676,0.42953463189829055,-0.5869412236331677
23.019999999999598,1.608396039596303,1.9122865264967626,4.365999999999998,0.5,0.0,0.4,3.35268598681254,0.15394466445835014,-0.21109333322274665,2.9876479891314434,-0.4295346318982906,0.5869412236331676,0.42953463189829055,-0.5869412236331677
23.039999999999598,1.6050386649417272,1.902866998796468,4.373999999999998,0.5,0.0,0.4,3.35268598681254,0.15394466445835014,-0.21109333322274665,2.9876479891314434,-0.4295346318982906,0.5869412236331676,0.42953463189829055,-0.5869412236331677
23.059999999999597,1.6017567531403727,1.8934209138087106,4.381999999999998,0.5,0.0,0.4,3.35268598681254,0.15394466445835014,-0.21109333322274665,2.9876479891314434,-0.4295346318982906,0.5869412236331676,0.42953463189829055,-0.5869412236331677
23.079999999999597,1.5985505142334744,1.8839488760797054,4.389999999999998,0.5,0.0,0.4,3.35268598681254,0.15394466445835014,-0.21109333322274665,2.9876479891314434,-0.4295346318982906,0.5869412236331676,0.42953463189829055,-0.5869412236331677
23.099999999999596,1.595420153419228,1.8744514918166342,4.397999999999998,0.5,0.0,0.4,3.35268598681254,0.15394466445835014,-0.21109333322274665,2.9876479891314434,-0.4295346318982906,0.5869412236331676,0.42953463189829055,-0.5869412236331677
23.119999999999596,1.592365871039657,1.8649293688488477,4.405999999999998,0.5,0.0,0.4,3.35268598681254,0.15394466445835014,-0.21109333322274665,2.9876479891314434,-0.4295346318982906,0.5869412236331676,0.42953463189829055,-0.5869412236331677
23.139999999999596,1.5893878625677915,1.8553831165889658,4.413999999999998,0.5,0.0,0.4,3.35268598681254,0.15394466445835014,-0.21109333322274665,2.9876479891314434,-0.4295346318982906,0.5869412236331676,0.42953463189829055,-0.5869412236331677
23.159999999999595,1.5864863185951568,1.8458133459938746,4.421999999999998,0.5,0.0,0.4,3.35268598681254,0.15394466445835014,-0.21109333322274665,2.9876479891314434,-0.4295346318982906,0.5869412236331676,0.42953463189829055,-0.5869412236331677
23.179999999999595,1.583661424819577,1.8362206695256258,4.429999999999998,0.5,0.0,0.4,3.35268598681254,0.15394466445835014,-0.21109333322274665,2.9876479891314434,-0.4295346318982906,0.5869412236331676,0.42953463189829055,-0.5869412236331677
23.199999999999594,1.5809133620332896,1.826605701112239,4.437999999999998,0.5,0.0,0.4,3.35268598681254,0.15394466445835014,-0.21109333322274665,2.9876479891314434,-0.4295346318982906,0.5869412236331676,0.42953463189829055,-0.5869412236331677
23.219999999999594,1.5782423061113746,1.8169690561084106,4.445999999999998,0.5,0.0,0.4,3.35268598681254,0.15394466445835014,-0.21109333322274665,2.9876479891314434,-0.4295346318982906,0.5869412236331676,0.42953463189829055,-0.5869412236331677
23.239999999999593,1.5756484280004994,1.8073113512561318,4.453999999999998,0.5,0.0,0.4,3.35268598681254,0.15394466445835014,-0.21109333322274665,2.9876479891314434,-0.4295346318982906,0.5869412236331676,0.42953463189829055,-0.5869412236331677
23.259999999999593,1.573131893707978,1.7976332046452168,4.461999999999998,0.5,0.0,0.4,3.35268598681254,0.15394466445835014,-0.21109333322274665,2.9876479891314434,-0.4295346318982906,0.5869412236331676,0.42953463189829055,-0.5869412236331677
23.279999999999593,1.5706928642911457,1.787935235673745,4.469999999999998,0.5,0.0,0.4,3.35268598681254,0.15394466445835014,-0.21109333322274665,2.9876479891314434,-0.4295346318982906,0.5869412236331676,0.42953463189829055,-0.5869412236331677
23.299999999999592,1.5683314958470531,1.7782180650084203,4.477999999999998,0.5,0.0,0.4,3.35268598681254,0.15394466445835014,-0.21109333322274665,2.9876479891314434,-0.4295346318982906,0.5869412236331676,0.42953463189829055,-0.5869412236331677
23.31999999999959,1.5660479395024742,1.7684823145448485,4.485999999999998,0.5,0.0,0.4,3.35268598681254,0.15394466445835014,-0.21109333322274665,2.9876479891314434,-0.4295346318982906,0.5869412236331676,0.42953463189829055,-0.5869412236331677
23.33999999999959,1.563842341404236,1.7587286073677362,4.493999999999998,0.5,0.0,0.4,3.35268598681254,0.15394466445835014,-0.21109333322274665,2.9876479891314434,-0.4295346318982906,0.5869412236331676,0.42953463189829055,-0.5869412236331677
23.35999999999959,1.5617148427098635,1.7489575677110134,4.501999999999998,0.5,0.0,0.4,3.35268598681254,0.15394466445835014,-0.21109333322274665,2.9876479891314434,-0.4295346318982906,0.5869412236331676,0.42953463189829055,-0.5869412236331677
23.37999999999959,1.5596655795785472,1.7391698209178832,4.509999999999998,0.5,0.0,0.4,3.35268598681254,0.15394466445835014,-0.21109333322274665,2.9876479891314434,-0.4295346318982906,0.5869412236331676,0.42953463189829055,-0.5869412236331677
23.39999999999959,1.557694683162428,1.7293659934007992,4.517999999999998,0.5,0.0,0.4,3.35268598681254,0.15394466445835014,-0.21109333322274665,2.9876479891314434,-0.4295346318982906,0.5869412236331676,0.42953463189829055,-0.5869412236331677
23.41999999999959,1.555802279598204,1.7195467126013761,4.525999999999998,0.5,0.0,0.4,3.35268598681254,0.15394466445835014,-0.21109333322274665,2.9876479891314434,-0.4295346318982906,0.5869412236331676,0.42953463189829055,-0.5869412236331677
23.43999999999959,1.5539884899990573,1.7097126069502337,4.533999999999998,0.5,0.0,0.4,3.35268598681254,0.15394466445835014,-0.21109333322274665,2.9876479891314434,-0.4295346318982906,0.5869412236331676,0.42953463189829055,-0.5869412236331677
23.45999999999959,1.552253430446903,1.6998643058267768,4.541999999999998,0.5,0.0,0.4,3.35268598681254,0.15394466445835014,-0.21109333322274665,2.9876479891314434,-0.4295346318982906,0.5869412236331676,0.42953463189829055,-0.5869412236331677
23.47999999999959,1.55059721198496,1.690002439518916,4.549999999999998,0.5,0.0,0.4,3.35268598681254,0.15394466445835014,-0.21109333322274665,2.9876479891314434,-0.4295346318982906,0.5869412236331676,0.42953463189829055,-0.5869412236331677
23.499999999999588,1.5490199406106449,1.6801276391827284,4.557999999999998,0.5,0.0,0.4,3.35268598681254,0.15394466445835014,-0.21109333322274665,2.9876479891314434,-0.4295346318982906,0.5869412236331676,0.42953463189829055,-0.5869412236331677
23.519999999999587,1.547521717268787,1.6702405368020652,4.565999999999998,0.5,0.0,0.4,3.35268598681254,0.15394466445835014,-0.21109333322274665,2.9876479891314434,-0.4295346318982906,0.5869412236331676,0.42953463189829055,-0.5869412236331677
23.539999999999587,1.546102637845169,1.6603417651481038,4.573999999999998,0.5,0.0,0.4,3.35268598681254,0.15394466445835014,-0.21109333322274665,2.9876479891314434,-0.4295346318982906,0.5869412236331676,0.42953463189829055,-0.5869412236331677
23.559999999999587,1.5447627931603896,1.6504319577388515,4.581999999999998,0.5,0.0,0.4,3.35268598681254,0.15394466445835014,-0.21109333322274665,2.9876479891314434,-0.4295346318982906,0.5869412236331676,0.42953463189829055,-0.5869412236331677
23.579999999999586,1.5435022689640512,1.6405117487985998,4.589999999999998,0.5,0.0,0.4,3.35268598681254,0.15394466445835014,-0.21109333322274665,2.9876479891314434,-0.4295346318982906,0.5869412236331676,0.42953463189829055,-0.5869412236331677
23.599999999999586,1.5423211459292723,1.6305817732173349,4.597999999999998,0.5,0.0,0.4,3.35268598681254,0.15394466445835014,-0.21109333322274665,2.9876479891314434,-0.4295346318982906,0.5869412236331676,0.42953463189829055,-0.5869412236331677
23.619999999999585,1.541219499647524,1.6206426665101044,4.605999999999998,0.5,0.0,0.4,3.35268598681254,0.15394466445835014,-0.21109333322274665,2.9876479891314434,-0.4295346318982906,0.5869412236331676,0.42953463189829055,-0.5869412236331677
23.639999999999585,1.540197400623792,1.6106950647763452,4.613999999999998,0.5,0.0,0.4,3.35268598681254,0.15394466445835014,-0.21109333322274665,2.9876479891314434,-0.4295346318982906,0.5869412236331676,0.42953463189829055,-0.5869412236331677
23.659999999999584,1.539254914272065,1.6007396046591726,4.621999999999998,0.5,0.0,0.4,3.35268598681254,0.15394466445835014,-0.21109333322274665,2.9876479891314434,-0.4295346318982906,0.5869412236331676,0.42953463189829055,-0.5869412236331677
23.679999999999584,1.538392100911148,1.5907769233046363,4.629999999999998,0.5,0.0,0.4,3.35268598681254,0.15394466445835014,-0.21109333322274665,2.9876479891314434,-0.4295346318982906,0.5869412236331676,0.42953463189829055,-0.5869412236331677
23.699999999999584,1.5376090157608016,1.580807658320942,4.637999999999998,0.5,0.0,0.4,3.35268598681254,0.15394466445835014,-0.21109333322274665,2.9876479891314434,-0.4295346318982906,0.5869412236331676,0.42953463189829055,-0.5869412236331677
23.719999999999583,1.5369057089382079,1.5708324477376463,4.645999999999998,0.5,0.0,0.4,3.35268598681254,0.15394466445835014,-0.21109333322274665,2.9876479891314434,-0.4295346318982906,0.5869412236331676,0.42953463189829055,-0.5869412236331677
23.739999999999583,1.5362822254547637,1.5608519299648214,4.653999999999998,0.5,0.0,0.4,3.35268598681254,0.15394466445835014,-0.21109333322274665,2.9876479891314434,-0.4295346318982906,0.5869412236331676,0.42953463189829055,-0.5869412236331677
23.759999999999582,1.535738605213199,1.550866743752198,4.661999999999998,0.5,0.0,0.4,3.35268598681254,0.15394466445835014,-0.21109333322274665,2.9876479891314434,-0.4295346318982906,0.5869412236331676,0.42953463189829055,-0.5869412236331677
23.779999999999582,1.5352748830050236,1.5408775281482854,4.669999999999998,0.5,0.0,0.4,3.35268598681254,0.15394466445835014,-0.21109333322274665,2.9876479891314434,-0.4295346318982906,0.5869412236331676,0.42953463189829055,-0.5869412236331677
23.79999999999958,1.5348910885083007,1.5308849224594727,4.677999999999998,0.5,0.0,0.4,3.35268598681254,0.15394466445835014,-0.21109333322274665,2.9876479891314434,-0.4295346318982906,0.5869412236331676,0.42953463189829055,-0.5869412236331677
23.81999999999958,1.5345872462857473,1.5208895662091133,4.685999999999998,0.5,0.0,0.4,3.35268598681254,0.15394466445835014,-0.21109333322274665,2.9876479891314434,-0.4295346318982906,0.5869412236331676,0.42953463189829055,-0.5869412236331677
23.83999999999958,1.5343633757831616,1.5108920990965955,4.693999999999998,0.5,0.0,0.4,3.35268598681254,0.15394466445835014,-0.21109333322274665,2.9876479891314434,-0.4295346318982906,0.5869412236331676,0.42953463189829055,-0.5869412236331677
23.85999999999958,1.5342194913281795,1.5008931609564018,4.701999999999998,0.5,0.0,0.4,3.35268598681254,0.15394466445835014,-0.21109333322274665,2.9876479891314434,-0.4295346318982906,0.5869412236331676,0.42953463189829055,-0.5869412236331677
23.87999999999958,1.534155602129357,1.4908933917171605,4.709999999999998,0.5,0.0,0.4,3.35268598681254,0.15394466445835014,-0.21109333322274665,2.9876479891314434,-0.4295346318982906,0.5869412236331676,0.42953463189829055,-0.5869412236331677
23.89999999999958,1.534171712275581,1.4808934313606894,4.717999999999998,0.5,0.0,0.4,3.35268598681254,0.15394466445835014,-0.21109333322274665,2.9876479891314434,-0.4295346318982906,0.5869412236331676,0.42953463189829055,-0.5869412236331677
23.91999999999958,1.5342678207358074,1.4708939198810382,4.725999999999998,0.5,0.0,0.4,3.35268598681254,0.15394466445835014,-0.21109333322274665,2.9876479891314434,-0.4295346318982906,0.5869412236331676,0.42953463189829055,-0.5869412236331677
23.93999999999958,1.5344439213591279,1.4608954972435284,4.733999999999998,0.5,0.0,0.4,3.35268598681254,0.15394466445835014,-0.21109333322274665,2.9876479891314434,-0.4295346318982906,0.5869412236331676,0.42953463189829055,-0.5869412236331677
23.959999999999578,1.5347000028751625,1.450898803343796,4.741999999999998,0.5,0.0,0.4,3.35268598681254,0.15394466445835014,-0.21109333322274665,2.9876479891314434,-0.4295346318982906,0.5869412236331676,0.42953463189829055,-0.5869412236331677
23.979999999999578,1.5350360488947816,1.440904477966838,4.749999999999998,0.5,0.0,0.4,3.35268598681254,0.15394466445835014,-0.21109333322274665,2.9876479891314434,-0.4295346318982906,0.5869412236331676,0.42953463189829055,-0.5869412236331677
23.999999999999577,1.535452037911155,1.4309131607460677,4.757999999999998,0.5,0.0,0.4,3.35268598681254,0.15394466445835014,-0.21109333322274665,2.9876479891314434,-0.4295346318982906,0.5869412236331676,0.42953463189829055,-0.5869412236331677
24.019999999999577,1.5359479433011272,1.4209254911223765,4.765999999999998,0.5,0.0,0.4,3.35268598681254,0.15394466445835014,-0.21109333322274665,2.9876479891314434,-0.4295346318982906,0.5869412236331676,0.42953463189829055,-0.5869412236331677
24.039999999999576,1.536499168386464,1.4113413532935808,4.773679999999998,0.48,0.0,0.384,3.35268598681254,0.15394466445835014,-0.21109333322274665,2.9876479891314434,-0.412353246622359,0.5634635746878408,0.41235324662235895,-0.5634635746878409
24.059999999999576,1.5370964799788152,1.4021607848587785,4.781039999999998,0.46,0.0,0.36800000000000005,3.35268598681254,0.15394466445835014,-0.21109333322274665,2.9876479891314434,-0.3951718613464274,0.5399859257425143,0.39517186134642734,-0.5399859257425143
24.079999999999576,1.5377310324440423,1.3933837111247895,4.788079999999998,0.44000000000000006,0.0,0.35200000000000004,3.35268598681254,0.15394466445835014,-0.21109333322274665,2.9876479891314434,-0.3779904760704958,0.5165082767971875,0.37799047607049574,-0.5165082767971876
24.099999999999575,1.5383943683839343,1.3850099592834788,4.794799999999998,0.4200000000000001,0.0,0.336,3.35268598681254,0.15394466445835014,-0.21109333322274665,2.9876479891314434,-0.3608090907945642,0.4930306278518608,0.3608090907945642,-0.4930306278518608
24.119999999999575,1.539078419060903,1.3770392719719413,4.801199999999998,0.40000000000000013,0.0,0.32000000000000006,3.35268598681254,0.15394466445835014,-0.21109333322274665,2.9876479891314434,-0.34362770551863264,0.46955297890653414,0.3436277055186326,-0.4695529789065342
24.139999999999574,1.5397755045960442,1.3694713202130233,4.807279999999998,0.38000000000000017,0.0,0.3040000000000001,3.35268598681254,0.15394466445835014,-0.21109333322274665,2.9876479891314434,-0.32644632024270104,0.4460753299612075,0.326446320242701,-0.4460753299612075
24.159999999999574,1.5404783339695818,1.3623057157343614,4.813039999999998,0.3600000000000002,0.0,0.2880000000000001,3.35268598681254,0.15394466445835014,-0.21109333322274665,2.9876479891314434,-0.30926493496676943,0.42259768101588085,0.3092649349667694,-0.4225976810158809
24.179999999999573,1.5411800048513287,1.355542022664757,4.818479999999998,0.3400000000000002,0.0,0.2720000000000001,3.35268598681254,0.15394466445835014,-0.21109333322274665,2.9876479891314434,-0.29208354969083783,0.39912003207055413,0.2920835496908378,-0.39912003207055413
24.199999999999573,1.541874003287409,1.3491797686072464,4.823599999999998,0.3200000000000002,0.0,0.25600000000000006,3.35268598681254,0.15394466445835014,-0.21109333322274665,2.9876479891314434,-0.2749021644149061,0.3756423831252274,0.2749021644149061,-0.37564238312522746
24.219999999999573,1.542554203268092,1.343218455088706,4.8283999999999985,0.30000000000000016,0.0,0.24000000000000005,3.35268598681254,0.15394466445835014,-0.21109333322274665,2.9876479891314434,-0.2577207791389745,0.3521647341799007,0.25772077913897445,-0.35216473417990074
24.239999999999572,1.5432148662001934,1.3376575673862312,4.8328799999999985,0.28000000000000014,0.0,0.22400000000000006,3.35268598681254,0.15394466445835014,-0.21109333322274665,2.9876479891314434,-0.24053939386304288,0.32868708523457396,0.24053939386304285,-0.328687085234574
24.25999999999957,1.5438506403061008,1.3324965837308613,4.837039999999998,0.2600000000000001,0.0,0.20800000000000007,3.35268598681254,0.15394466445835014,-0.21109333322274665,2.9876479891314434,-0.22335800858711122,0.30520943628924724,0.2233580085871112,-0.3052094362892473
24.27999999999957,1.5444565599700788,1.3277349838894985,4.8408799999999985,0.24000000000000013,0.0,0.1920000000000001,3.35268598681254,0.15394466445835014,-0.21109333322274665,2.9876479891314434,-0.20617662331117959,0.28173178734392057,0.2061766233111796,-0.2817317873439206
24.29999999999957,1.5450280450511193,1.3233722571260729,4.8443999999999985,0.22000000000000014,0.0,0.1760000000000001,3.35268598681254,0.15394466445835014,-0.21109333322274665,2.9876479891314434,-0.188995238035248,0.25825413839859385,0.18899523803524798,-0.2582541383985939
24.31999999999957,1.5455609001801975,1.3194079095431677,4.847599999999998,0.20000000000000015,0.0,0.16000000000000011,3.35268598681254,0.15394466445835014,-0.21109333322274665,2.9876479891314434,-0.17181385275931638,0.23477648945326718,0.17181385275931635,-0.2347764894532672
24.33999999999957,1.546051314058411,1.3158414708054202,4.850479999999998,0.18000000000000016,0.0,0.14400000000000013,3.35268598681254,0.15394466445835014,-0.21109333322274665,2.9876479891314434,-0.15463246748338477,0.21129884050794048,0.15463246748338474,-0.2112988405079405
24.35999999999957,1.5464958587710824,1.3126725002460695,4.853039999999998,0.16000000000000014,0.0,0.1280000000000001,3.35268598681254,0.15394466445835014,-0.21109333322274665,2.9876479891314434,-0.1374510822074531,0.18782119156261376,0.1374510822074531,-0.1878211915626138
24.37999999999957,1.5468914891315242,1.3099005923580378,4.855279999999998,0.14000000000000015,0.0,0.11200000000000011,3.35268598681254,0.15394466445835014,-0.21109333322274665,2.9876479891314434,-0.1202696969315215,0.1643435426172871,0.12026969693152148,-0.16434354261728712
24.39999999999957,1.547235542066777,1.3075253816709045,4.857199999999998,0.12000000000000015,0.0,0.09600000000000011,3.35268598681254,0.15394466445835014,-0.21109333322274665,2.9876479891314434,-0.10308831165558988,0.14086589367196037,0.10308831165558988,-0.1408658936719604
24.41999999999957,1.547525736056259,1.3055465470150691,4.858799999999998,0.10000000000000014,0.0,0.08000000000000011,3.35268598681254,0.15394466445835014,-0.21109333322274665,2.9876479891314434,-0.08590692637965824,0.11738824472663369,0.08590692637965823,-0.11738824472663369
24.439999999999568,1.5477601706328843,1.3039638151743085,4.860079999999998,0.08000000000000014,0.0,0.06400000000000011,3.35268598681254,0.15394466445835014,-0.21109333322274665,2.9876479891314434,-0.06872554110372663,0.09391059578130696,0.06872554110372663,-0.09391059578130698
24.459999999999567,1.5479373259548346,1.302776963927811,4.861039999999998,0.060000000000000143,0.0,0.04800000000000011,3.35268598681254,0.15394466445835014,-0.21109333322274665,2.9876479891314434,-0.051544155827794993,0.07043294683598027,0.05154415582779499,-0.07043294683598028
24.479999999999567,1.5480560624548052,1.301985824482625,4.861679999999998,0.04000000000000014,0.0,0.03200000000000011,3.35268598681254,0.15394466445835014,-0.21109333322274665,2.9876479891314434,-0.03436277055186337,0.04695529789065357,0.03436277055186336,-0.04695529789065357
24.499999999999567,1.5481156205721733,1.3015902832972976,4.861999999999998,0.02000000000000014,0.0,0.01600000000000011,3.35268598681254,0.15394466445835014,-0.21109333322274665,2.9876479891314434,-0.017181385275931747,0.023477648945326866,0.017181385275931743,-0.023477648945326866
24.519999999999566,1.5481156205721733,1.3015902832972976,4.861999999999998,0.0,0.0,0.0,3.321270060276642,0.12252873792245221,-0.17967740668684873,3.019063915667341,-0.0,0.0,0.0,0.0
24.539999999999566,1.5481156205721733,1.3015902832972976,4.861999999999998,0.0,0.0,0.0,3.2898541337407443,0.09111281138655428,-0.1482614801509508,3.050479842203239,-0.0,0.0,0.0,0.0
24.559999999999565,1.5481156205721733,1.3015902832972976,4.861999999999998,0.0,0.0,0.0,3.2584382072048466,0.05969688485065634,-0.11684555361505287,3.0818957687391366,-0.0,0.0,0.0,0.0
24.579999999999565,1.5481156205721733,1.3015902832972976,4.861999999999998,0.0,0.0,0.0,3.227022280668949,0.02828095831475841,-0.08542962707915494,3.1133116952750344,-0.0,0.0,0.0,0.0
24.599999999999564,1.5481156205721733,1.3015902832972976,4.861999999999998,0.0,0.0,0.0,3.195606354133051,5.551115123125783e-16,-0.05401370054325701,3.141592653589793,-0.0,0.0,0.0,0.0
24.619999999999564,1.5481156205721733,1.3015902832972976,4.861999999999998,0.0,0.0,0.0,3.1641904275971533,5.551115123125783e-16,-0.022597774007359073,3.141592653589793,-0.0,0.0,0.0,0.0
24.639999999999564,1.5481156205721733,1.3015902832972976,4.861999999999998,0.0,0.0,0.0,3.141592653589793,5.551115123125783e-16,-2.220446049250313e-16,3.141592653589793,0.0,0.0,0.0,0.0
24.659999999999563,1.548055999168724,1.301985814949951,4.861999999999998,-0.02,0.0,0.0,3.141592653589793,5.551115123125783e-16,-2.220446049250313e-16,3.141592653589793,0.02,-0.02,-0.02,0.02
24.679999999999563,1.5479367563618252,1.3027768782552578,4.861999999999998,-0.04,0.0,0.0,3.141592653589793,5.551115123125783e-16,-2.220446049250313e-16,3.141592653589793,0.04,-0.04,-0.04,0.04
24.699999999999562,1.5477578921514767,1.303963473213218,4.861999999999998,-0.06,0.0,0.0,3.141592653589793,5.551115123125783e-16,-2.220446049250313e-16,3.141592653589793,0.06,-0.06,-0.06,0.06
24.719999999999562,1.547519406537679,1.3055455998238314,4.861999999999998,-0.08,0.0,0.0,3.141592653589793,5.551115123125783e-16,-2.220446049250313e-16,3.141592653589793,0.08,-0.08,-0.08,0.08
24.73999999999956,1.5472212995204317,1.3075232580870984,4.861999999999998,-0.1,0.0,0.0,3.141592653589793,5.551115123125783e-16,-2.220446049250313e-16,3.141592653589793,0.1,-0.1,-0.1,0.1
24.75999999999956,1.5468635710997352,1.3098964480030186,4.861999999999998,-0.12000000000000001,0.0,0.0,3.141592653589793,5.551115123125783e-16,-2.220446049250313e-16,3.141592653589793,0.12000000000000001,-0.12000000000000001,-0.12000000000000001,0.12000000000000001
24.77999999999956,1.546446221275589,1.3126651695715923,4.861999999999998,-0.14,0.0,0.0,3.141592653589793,5.551115123125783e-16,-2.220446049250313e-16,3.141592653589793,0.14,-0.14,-0.14,0.14
24.79999999999956,1.5459692500479933,1.3158294227928193,4.861999999999998,-0.16,0.0,0.0,3.141592653589793,5.551115123125783e-16,-2.220446049250313e-16,3.141592653589793,0.16,-0.16,-0.16,0.16
24.81999999999956,1.5454326574169484,1.3193892076666998,4.861999999999998,-0.18,0.0,0.0,3.141592653589793,5.551115123125783e-16,-2.220446049250313e-16,3.141592653589793,0.18,-0.18,-0.18,0.18
24.83999999999956,1.544836443382454,1.3233445241932336,4.861999999999998,-0.19999999999999998,0.0,0.0,3.141592653589793,5.551115123125783e-16,-2.220446049250313e-16,3.141592653589793,0.19999999999999998,-0.19999999999999998,-0.19999999999999998,0.19999999999999998
24.85999999999956,1.5441806079445102,1.3276953723724207,4.861999999999998,-0.21999999999999997,0.0,0.0,3.141592653589793,5.551115123125783e-16,-2.220446049250313e-16,3.141592653589793,0.21999999999999997,-0.21999999999999997,-0.21999999999999997,0.21999999999999997
24.87999999999956,1.5434651511031168,1.3324417522042613,4.861999999999998,-0.23999999999999996,0.0,0.0,3.141592653589793,5.551115123125783e-16,-2.220446049250313e-16,3.141592653589793,0.23999999999999996,-0.23999999999999996,-0.23999999999999996,0.23999999999999996
24.899999999999558,1.542690072858274,1.3375836636887553,4.861999999999998,-0.25999999999999995,0.0,0.0,3.141592653589793,5.551115123125783e-16,-2.220446049250313e-16,3.141592653589793,0.25999999999999995,-0.25999999999999995,-0.25999999999999995,0.25999999999999995
24.919999999999558,1.5418553732099818,1.3431211068259026,4.861999999999998,-0.27999999999999997,0.0,0.0,3.141592653589793,5.551115123125783e-16,-2.220446049250313e-16,3.141592653589793,0.27999999999999997,-0.27999999999999997,-0.27999999999999997,0.27999999999999997
24.939999999999557,1.5409610521582402,1.3490540816157033,4.861999999999998,-0.3,0.0,0.0,3.141592653589793,5.551115123125783e-16,-2.220446049250313e-16,3.141592653589793,0.3,-0.3,-0.3,0.3
24.959999999999557,1.5400071097030492,1.3553825880581574,4.861999999999998,-0.32,0.0,0.0,3.141592653589793,5.551115123125783e-16,-2.220446049250313e-16,3.141592653589793,0.32,-0.32,-0.32,0.32
24.979999999999556,1.5389935458444086,1.3621066261532648,4.861999999999998,-0.34,0.0,0.0,3.141592653589793,5.551115123125783e-16,-2.220446049250313e-16,3.141592653589793,0.34,-0.34,-0.34,0.34
24.999999999999556,1.5379203605823186,1.3692261959010257,4.861999999999998,-0.36000000000000004,0.0,0.0,3.141592653589793,5.551115123125783e-16,-2.220446049250313e-16,3.141592653589793,0.36000000000000004,-0.36000000000000004,-0.36000000000000004,0.36000000000000004
25.019999999999555,1.5367875539167792,1.37674129730144,4.861999999999998,-0.38000000000000006,0.0,0.0,3.141592653589793,5.551115123125783e-16,-2.220446049250313e-16,3.141592653589793,0.38000000000000006,-0.38000000000000006,-0.38000000000000006,0.38000000000000006
25.039999999999555,1.5355951258477905,1.3846519303545077,4.861999999999998,-0.4000000000000001,0.0,0.0,3.141592653589793,5.551115123125783e-16,-2.220446049250313e-16,3.141592653589793,0.4000000000000001,-0.4000000000000001,-0.4000000000000001,0.4000000000000001
25.059999999999555,1.534343076375352,1.392958095060229,4.861999999999998,-0.4200000000000001,0.0,0.0,3.141592653589793,5.551115123125783e-16,-2.220446049250313e-16,3.141592653589793,0.4200000000000001,-0.4200000000000001,-0.4200000000000001,0.4200000000000001
25.079999999999554,1.5330314054994643,1.4016597914186035,4.861999999999998,-0.4400000000000001,0.0,0.0,3.141592653589793,5.551115123125783e-16,-2.220446049250313e-16,3.141592653589793,0.4400000000000001,-0.4400000000000001,-0.4400000000000001,0.4400000000000001
25.099999999999554,1.531660113220127,1.4107570194296315,4.861999999999998,-0.46000000000000013,0.0,0.0,3.141592653589793,5.551115123125783e-16,-2.220446049250313e-16,3.141592653589793,0.46000000000000013,-0.46000000000000013,-0.46000000000000013,0.46000000000000013
25.119999999999553,1.5302291995373405,1.4202497790933128,4.861999999999998,-0.48000000000000015,0.0,0.0,3.141592653589793,5.551115123125783e-16,-2.220446049250313e-16,3.141592653589793,0.48000000000000015,-0.48000000000000015,-0.48000000000000015,0.48000000000000015
25.139999999999553,1.5287386644511045,1.4301380704096476,4.861999999999998,-0.5,0.0,0.0,3.141592653589793,5.551115123125783e-16,-2.220446049250313e-16,3.141592653589793,0.5,-0.5,-0.5,0.5
25.159999999999553,1.5272481293648685,1.4400263617259823,4.861999999999998,-0.5,0.0,0.0,3.141592653589793,5.551115123125783e-16,-2.220446049250313e-16,3.141592653589793,0.5,-0.5,-0.5,0.5
25.179999999999552,1.5257575942786326,1.449914653042317,4.861999999999998,-0.5,0.0,0.0,3.141592653589793,5.551115123125783e-16,-2.220446049250313e-16,3.141592653589793,0.5,-0.5,-0.5,0.5
25.19999999999955,1.5242670591923966,1.4598029443586518,4.861999999999998,-0.5,0.0,0.0,3.141592653589793,5.551115123125783e-16,-2.220446049250313e-16,3.141592653589793,0.5,-0.5,-0.5,0.5
25.21999999999955,1.5227765241061606,1.4696912356749865,4.861999999999998,-0.5,0.0,0.0,3.141592653589793,5.551115123125783e-16,-2.220446049250313e-16,3.141592653589793,0.5,-0.5,-0.5,0.5
25.23999999999955,1.5212859890199246,1.4795795269913212,4.861999999999998,-0.5,0.0,0.0,3.141592653589793,5.551115123125783e-16,-2.220446049250313e-16,3.141592653589793,0.5,-0.5,-0.5,0.5
25.25999999999955,1.5197954539336886,1.489467818307656,4.861999999999998,-0.5,0.0,0.0,3.141592653589793,5.551115123125783e-16,-2.220446049250313e-16,3.141592653589793,0.5,-0.5,-0.5,0.5
25.27999999999955,1.5183049188474527,1.4993561096239907,4.861999999999998,-0.5,0.0,0.0,3.141592653589793,5.551115123125783e-16,-2.220446049250313e-16,3.141592653589793,0.5,-0.5,-0.5,0.5
25.29999999999955,1.5168143837612167,1.5092444009403254,4.861999999999998,-0.5,0.0,0.0,3.141592653589793,5.551115123125783e-16,-2.220446049250313e-16,3.141592653589793,0.5,-0.5,-0.5,0.5
25.31999999999955,1.5153238486749807,1.5191326922566601,4.861999999999998,-0.5,0.0,0.0,3.141592653589793,5.551115123125783e-16,-2.220446049250313e-16,3.141592653589793,0.5,-0.5,-0.5,0.5
25.33999999999955,1.5138333135887447,1.5290209835729949,4.861999999999998,-0.5,0.0,0.0,3.141592653589793,5.551115123125783e-16,-2.220446049250313e-16,3.141592653589793,0.5,-0.5,-0.5,0.5
25.35999999999955,1.5123427785025088,1.5389092748893296,4.861999999999998,-0.5,0.0,0.0,3.141592653589793,5.551115123125783e-16,-2.220446049250313e-16,3.141592653589793,0.5,-0.5,-0.5,0.5
25.379999999999548,1.5108522434162728,1.5487975662056643,4.861999999999998,-0.5,0.0,0.0,3.141592653589793,5.551115123125783e-16,-2.220446049250313e-16,3.141592653589793,0.5,-0.5,-0.5,0.5
25.399999999999547,1.5093617083300368,1.558685857521999,4.861999999999998,-0.5,0.0,0.0,3.141592653589793,5.551115123125783e-16,-2.220446049250313e-16,3.141592653589793,0.5,-0.5,-0.5,0.5
25.419999999999547,1.5078711732438008,1.5685741488383338,4.861999999999998,-0.5,0.0,0.0,3.141592653589793,5.551115123125783e-16,-2.220446049250313e-16,3.141592653589793,0.5,-0.5,-0.5,0.5
25.439999999999547,1.5063806381575648,1.5784624401546685,4.861999999999998,-0.5,0.0,0.0,3.141592653589793,5.551115123125783e-16,-2.220446049250313e-16,3.141592653589793,0.5,-0.5,-0.5,0.5
25.459999999999546,1.5048901030713289,1.5883507314710033,4.861999999999998,-0.5,0.0,0.0,3.141592653589793,5.551115123125783e-16,-2.220446049250313e-16,3.141592653589793,0.5,-0.5,-0.5,0.5
25.479999999999546,1.5033995679850929,1.598239022787338,4.861999999999998,-0.5,0.0,0.0,3.141592653589793,5.551115123125783e-16,-2.220446049250313e-16,3.141592653589793,0.5,-0.5,-0.5,0.5
25.499999999999545,1.501909032898857,1.6081273141036727,4.861999999999998,-0.5,0.0,0.0,3.141592653589793,5.551115123125783e-16,-2.220446049250313e-16,3.141592653589793,0.5,-0.5,-0.5,0.5
25.519999999999545,1.500418497812621,1.6180156054200074,4.861999999999998,-0.5,0.0,0.0,3.141592653589793,5.551115123125783e-16,-2.220446049250313e-16,3.141592653589793,0.5,-0.5,-0.5,0.5
25.539999999999544,1.498927962726385,1.6279038967363422,4.861999999999998,-0.5,0.0,0.0,3.141592653589793,5.551115123125783e-16,-2.220446049250313e-16,3.141592653589793,0.5,-0.5,-0.5,0.5
25.559999999999544,1.497437427640149,1.637792188052677,4.861999999999998,-0.5,0.0,0.0,3.141592653589793,5.551115123125783e-16,-2.220446049250313e-16,3.141592653589793,0.5,-0.5,-0.5,0.5
25.579999999999544,1.495946892553913,1.6476804793690116,4.861999999999998,-0.5,0.0,0.0,3.141592653589793,5.551115123125783e-16,-2.220446049250313e-16,3.141592653589793,0.5,-0.5,-0.5,0.5
25.599999999999543,1.494456357467677,1.6575687706853464,4.861999999999998,-0.5,0.0,0.0,3.141592653589793,5.551115123125783e-16,-2.220446049250313e-16,3.141592653589793,0.5,-0.5,-0.5,0.5
25.619999999999543,1.492965822381441,1.667457062001681,4.861999999999998,-0.5,0.0,0.0,3.141592653589793,5.551115123125783e-16,-2.220446049250313e-16,3.141592653589793,0.5,-0.5,-0.5,0.5
25.639999999999542,1.491475287295205,1.6773453533180158,4.861999999999998,-0.5,0.0,0.0,3.141592653589793,5.551115123125783e-16,-2.220446049250313e-16,3.141592653589793,0.5,-0.5,-0.5,0.5
25.659999999999542,1.489984752208969,1.6872336446343505,4.861999999999998,-0.5,0.0,0.0,3.141592653589793,5.551115123125783e-16,-2.220446049250313e-16,3.141592653589793,0.5,-0.5,-0.5,0.5
25.67999999999954,1.488494217122733,1.6971219359506853,4.861999999999998,-0.5,0.0,0.0,3.141592653589793,5.551115123125783e-16,-2.220446049250313e-16,3.141592653589793,0.5,-0.5,-0.5,0.5
25.69999999999954,1.4870036820364971,1.70701022726702,4.861999999999998,-0.5,0.0,0.0,3.141592653589793,5.551115123125783e-16,-2.220446049250313e-16,3.141592653589793,0.5,-0.5,-0.5,0.5
25.71999999999954,1.4855131469502612,1.7168985185833547,4.861999999999998,-0.5,0.0,0.0,3.141592653589793,5.551115123125783e-16,-2.220446049250313e-16,3.141592653589793,0.5,-0.5,-0.5,0.5
25.73999999999954,1.4840226118640252,1.7267868098996895,4.861999999999998,-0.5,0.0,0.0,3.141592653589793,5.551115123125783e-16,-2.220446049250313e-16,3.141592653589793,0.5,-0.5,-0.5,0.5
25.75999999999954,1.4825320767777892,1.7366751012160242,4.861999999999998,-0.5,0.0,0.0,3.141592653589793,5.551115123125783e-16,-2.220446049250313e-16,3.141592653589793,0.5,-0.5,-0.5,0.5
25.77999999999954,1.4810415416915532,1.746563392532359,4.861999999999998,-0.5,0.0,0.0,3.141592653589793,5.551115123125783e-16,-2.220446049250313e-16,3.141592653589793,0.5,-0.5,-0.5,0.5
25.79999999999954,1.4795510066053172,1.7564516838486937,4.861999999999998,-0.5,0.0,0.0,3.141592653589793,5.551115123125783e-16,-2.220446049250313e-16,3.141592653589793,0.5,-0.5,-0.5,0.5
25.81999999999954,1.4780604715190813,1.7663399751650284,4.861999999999998,-0.5,0.0,0.0,3.141592653589793,5.551115123125783e-16,-2.220446049250313e-16,3.141592653589793,0.5,-0.5,-0.5,0.5
25.839999999999538,1.4765699364328453,1.7762282664813631,4.861999999999998,-0.5,0.0,0.0,3.141592653589793,5.551115123125783e-16,-2.220446049250313e-16,3.141592653589793,0.5,-0.5,-0.5,0.5
25.859999999999538,1.4750794013466093,1.7861165577976978,4.861999999999998,-0.5,0.0,0.0,3.141592653589793,5.551115123125783e-16,-2.220446049250313e-16,3.141592653589793,0.5,-0.5,-0.5,0.5
25.879999999999537,1.4735888662603733,1.7960048491140326,4.861999999999998,-0.5,0.0,0.0,3.141592653589793,5.551115123125783e-16,-2.220446049250313e-16,3.141592653589793,0.5,-0.5,-0.5,0.5
25.899999999999537,1.4720983311741374,1.8058931404303673,4.861999999999998,-0.5,0.0,0.0,3.141592653589793,5.551115123125783e-16,-2.220446049250313e-16,3.141592653589793,0.5,-0.5,-0.5,0.5
25.919999999999536,1.4706077960879014,1.815781431746702,4.861999999999998,-0.5,0.0,0.0,3.141592653589793,5.551115123125783e-16,-2.220446049250313e-16,3.141592653589793,0.5,-0.5,-0.5,0.5
25.939999999999536,1.4691172610016654,1.8256697230630368,4.861999999999998,-0.5,0.0,0.0,3.141592653589793,5.551115123125783e-16,-2.220446049250313e-16,3.141592653589793,0.5,-0.5,-0.5,0.5
25.959999999999535,1.4676267259154294,1.8355580143793715,4.861999999999998,-0.5,0.0,0.0,3.141592653589793,5.551115123125783e-16,-2.220446049250313e-16,3.141592653589793,0.5,-0.5,-0.5,0.5
25.979999999999535,1.4661361908291934,1.8454463056957062,4.861999999999998,-0.5,0.0,0.0,3.141592653589793,5.551115123125783e-16,-2.220446049250313e-16,3.141592653589793,0.5,-0.5,-0.5,0.5
25.999999999999535,1.4646456557429575,1.855334597012041,4.861999999999998,-0.5,0.0,0.0,3.141592653589793,5.551115123125783e-16,-2.220446049250313e-16,3.141592653589793,0.5,-0.5,-0.5,0.5
26.019999999999534,1.4631551206567215,1.8652228883283757,4.861999999999998,-0.5,0.0,0.0,3.141592653589793,5.551115123125783e-16,-2.220446049250313e-16,3.141592653589793,0.5,-0.5,-0.5,0.5
26.039999999999534,1.4616645855704855,1.8751111796447104,4.861999999999998,-0.5,0.0,0.0,3.141592653589793,5.551115123125783e-16,-2.220446049250313e-16,3.141592653589793,0.5,-0.5,-0.5,0.5
26.059999999999533,1.4601740504842495,1.8849994709610451,4.861999999999998,-0.5,0.0,0.0,3.141592653589793,5.551115123125783e-16,-2.220446049250313e-16,3.141592653589793,0.5,-0.5,-0.5,0.5
26.079999999999533,1.4586835153980136,1.8948877622773799,4.861999999999998,-0.5,0.0,0.0,3.141592653589793,5.551115123125783e-16,-2.220446049250313e-16,3.141592653589793,0.5,-0.5,-0.5,0.5
26.099999999999532,1.4571929803117776,1.9047760535937146,4.861999999999998,-0.5,0.0,0.0,3.141592653589793,5.551115123125783e-16,-2.220446049250313e-16,3.141592653589793,0.5,-0.5,-0.5,0.5
26.119999999999532,1.4557024452255416,1.9146643449100493,4.861999999999998,-0.5,0.0,0.0,3.141592653589793,5.551115123125783e-16,-2.220446049250313e-16,3.141592653589793,0.5,-0.5,-0.5,0.5
26.13999999999953,1.4542119101393056,1.924552636226384,4.861999999999998,-0.5,0.0,0.0,3.141592653589793,5.551115123125783e-16,-2.220446049250313e-16,3.141592653589793,0.5,-0.5,-0.5,0.5
26.15999999999953,1.4527213750530696,1.9344409275427188,4.861999999999998,-0.5,0.0,0.0,3.141592653589793,5.551115123125783e-16,-2.220446049250313e-16,3.141592653589793,0.5,-0.5,-0.5,0.5
26.17999999999953,1.4512308399668337,1.9443292188590535,4.861999999999998,-0.5,0.0,0.0,3.141592653589793,5.551115123125783e-16,-2.220446049250313e-16,3.141592653589793,0.5,-0.5,-0.5,0.5
26.19999999999953,1.4497403048805977,1.9542175101753883,4.861999999999998,-0.5,0.0,0.0,3.141592653589793,5.551115123125783e-16,-2.220446049250313e-16,3.141592653589793,0.5,-0.5,-0.5,0.5
26.21999999999953,1.4482497697943617,1.964105801491723,4.861999999999998,-0.5,0.0,0.0,3.141592653589793,5.551115123125783e-16,-2.220446049250313e-16,3.141592653589793,0.5,-0.5,-0.5,0.5
26.23999999999953,1.4467592347081257,1.9739940928080577,4.861999999999998,-0.5,0.0,0.0,3.141592653589793,5.551115123125783e-16,-2.220446049250313e-16,3.141592653589793,0.5,-0.5,-0.5,0.5
26.25999999999953,1.4452686996218898,1.9838823841243924,4.861999999999998,-0.5,0.0,0.0,3.141592653589793,5.551115123125783e-16,-2.220446049250313e-16,3.141592653589793,0.5,-0.5,-0.5,0.5
26.27999999999953,1.4437781645356538,1.9937706754407272,4.861999999999998,-0.5,0.0,0.0,3.141592653589793,5.551115123125783e-16,-2.220446049250313e-16,3.141592653589793,0.5,-0.5,-0.5,0.5
26.299999999999528,1.4422876294494178,2.0036589667570617,4.861999999999998,-0.5,0.0,0.0,3.141592653589793,5.551115123125783e-16,-2.220446049250313e-16,3.141592653589793,0.5,-0.5,-0.5,0.5
26.319999999999528,1.4407970943631818,2.0135472580733964,4.861999999999998,-0.5,0.0,0.0,3.141592653589793,5.551115123125783e-16,-2.220446049250313e-16,3.141592653589793,0.5,-0.5,-0.5,0.5
26.339999999999527,1.4393065592769458,2.023435549389731,4.861999999999998,-0.5,0.0,0.0,3.141592653589793,5.551115123125783e-16,-2.220446049250313e-16,3.141592653589793,0.5,-0.5,-0.5,0.5
26.359999999999527,1.4378160241907099,2.033323840706066,4.861999999999998,-0.5,0.0,0.0,3.141592653589793,5.551115123125783e-16,-2.220446049250313e-16,3.141592653589793,0.5,-0.5,-0.5,0.5
26.379999999999526,1.4363254891044739,2.0432121320224006,4.861999999999998,-0.5,0.0,0.0,3.141592653589793,5.551115123125783e-16,-2.220446049250313e-16,3.141592653589793,0.5,-0.5,-0.5,0.5
26.399999999999526,1.434834954018238,2.0531004233387353,4.861999999999998,-0.5,0.0,0.0,3.141592653589793,5.551115123125783e-16,-2.220446049250313e-16,3.141592653589793,0.5,-0.5,-0.5,0.5
26.419999999999526,1.433344418932002,2.06298871465507,4.861999999999998,-0.5,0.0,0.0,3.141592653589793,5.551115123125783e-16,-2.220446049250313e-16,3.141592653589793,0.5,-0.5,-0.5,0.5
26.439999999999525,1.431853883845766,2.072877005971405,4.861999999999998,-0.5,0.0,0.0,3.141592653589793,5.551115123125783e-16,-2.220446049250313e-16,3.141592653589793,0.5,-0.5,-0.5,0.5
26.459999999999525,1.43036334875953,2.0827652972877395,4.861999999999998,-0.5,0.0,0.0,3.141592653589793,5.551115123125783e-16,-2.220446049250313e-16,3.141592653589793,0.5,-0.5,-0.5,0.5
26.479999999999524,1.428872813673294,2.0926535886040742,4.861999999999998,-0.5,0.0,0.0,3.141592653589793,5.551115123125783e-16,-2.220446049250313e-16,3.141592653589793,0.5,-0.5,-0.5,0.5
26.499999999999524,1.427382278587058,2.102541879920409,4.861999999999998,-0.5,0.0,0.0,3.141592653589793,5.551115123125783e-16,-2.220446049250313e-16,3.141592653589793,0.5,-0.5,-0.5,0.5
26.519999999999524,1.425891743500822,2.1124301712367437,4.861999999999998,-0.5,0.0,0.0,3.141592653589793,5.551115123125783e-16,-2.220446049250313e-16,3.141592653589793,0.5,-0.5,-0.5,0.5
26.539999999999523,1.424401208414586,2.1223184625530784,4.861999999999998,-0.5,0.0,0.0,3.141592653589793,5.551115123125783e-16,-2.220446049250313e-16,3.141592653589793,0.5,-0.5,-0.5,0.5
26.559999999999523,1.42291067332835,2.132206753869413,4.861999999999998,-0.5,0.0,0.0,3.141592653589793,5.551115123125783e-16,-2.220446049250313e-16,3.141592653589793,0.5,-0.5,-0.5,0.5
26.579999999999522,1.421420138242114,2.142095045185748,4.861999999999998,-0.5,0.0,0.0,3.141592653589793,5.551115123125783e-16,-2.220446049250313e-16,3.141592653589793,0.5,-0.5,-0.5,0.5
26.599999999999522,1.4199296031558781,2.1519833365020826,4.861999999999998,-0.5,0.0,0.0,3.141592653589793,5.551115123125783e-16,-2.220446049250313e-16,3.141592653589793,0.5,-0.5,-0.5,0.5
26.61999999999952,1.4184390680696422,2.1618716278184174,4.861999999999998,-0.5,0.0,0.0,3.141592653589793,5.551115123125783e-16,-2.220446049250313e-16,3.141592653589793,0.5,-0.5,-0.5,0.5
26.63999999999952,1.4169485329834062,2.171759919134752,4.861999999999998,-0.5,0.0,0.0,3.141592653589793,5.551115123125783e-16,-2.220446049250313e-16,3.141592653589793,0.5,-0.5,-0.5,0.5
26.65999999999952,1.4154579978971702,2.181648210451087,4.861999999999998,-0.5,0.0,0.0,3.141592653589793,5.551115123125783e-16,-2.220446049250313e-16,3.141592653589793,0.5,-0.5,-0.5,0.5
26.67999999999952,1.4139674628109342,2.1915365017674215,4.861999999999998,-0.5,0.0,0.0,3.141592653589793,5.551115123125783e-16,-2.220446049250313e-16,3.141592653589793,0.5,-0.5,-0.5,0.5
26.69999999999952,1.4124769277246982,2.2014247930837563,4.861999999999998,-0.5,0.0,0.0,3.141592653589793,5.551115123125783e-16,-2.220446049250313e-16,3.141592653589793,0.5,-0.5,-0.5,0.5
26.71999999999952,1.4109863926384623,2.211313084400091,4.861999999999998,-0.5,0.0,0.0,3.141592653589793,5.551115123125783e-16,-2.220446049250313e-16,3.141592653589793,0.5,-0.5,-0.5,0.5
26.73999999999952,1.4094958575522263,2.2212013757164257,4.861999999999998,-0.5,0.0,0.0,3.141592653589793,5.551115123125783e-16,-2.220446049250313e-16,3.141592653589793,0.5,-0.5,-0.5,0.5
26.75999999999952,1.4080053224659903,2.2310896670327605,4.861999999999998,-0.5,0.0,0.0,3.141592653589793,5.551115123125783e-16,-2.220446049250313e-16,3.141592653589793,0.5,-0.5,-0.5,0.5
26.779999999999518,1.4065147873797543,2.240977958349095,4.861999999999998,-0.5,0.0,0.0,3.141592653589793,5.551115123125783e-16,-2.220446049250313e-16,3.141592653589793,0.5,-0.5,-0.5,0.5
26.799999999999518,1.4050242522935183,2.25086624966543,4.861999999999998,-0.5,0.0,0.0,3.141592653589793,5.551115123125783e-16,-2.220446049250313e-16,3.141592653589793,0.5,-0.5,-0.5,0.5
26.819999999999517,1.4035337172072824,2.2607545409817646,4.861999999999998,-0.5,0.0,0.0,3.141592653589793,5.551115123125783e-16,-2.220446049250313e-16,3.141592653589793,0.5,-0.5,-0.5,0.5
26.839999999999517,1.4020431821210464,2.2706428322980994,4.861999999999998,-0.5,0.0,0.0,3.141592653589793,5.551115123125783e-16,-2.220446049250313e-16,3.141592653589793,0.5,-0.5,-0.5,0.5
26.859999999999516,1.4005526470348104,2.280531123614434,4.861999999999998,-0.5,0.0,0.0,3.141592653589793,5.551115123125783e-16,-2.220446049250313e-16,3.141592653589793,0.5,-0.5,-0.5,0.5
26.879999999999516,1.3990621119485744,2.290419414930769,4.861999999999998,-0.5,0.0,0.0,3.141592653589793,5.551115123125783e-16,-2.220446049250313e-16,3.141592653589793,0.5,-0.5,-0.5,0.5
26.899999999999515,1.3975715768623385,2.3003077062471036,4.861999999999998,-0.5,0.0,0.0,3.141592653589793,5.551115123125783e-16,-2.220446049250313e-16,3.141592653589793,0.5,-0.5,-0.5,0.5
26.919999999999515,1.3960810417761025,2.3101959975634383,4.861999999999998,-0.5,0.0,0.0,3.141592653589793,5.551115123125783e-16,-2.220446049250313e-16,3.141592653589793,0.5,-0.5,-0.5,0.5
26.939999999999515,1.3945905066898665,2.320084288879773,4.861999999999998,-0.5,0.0,0.0,3.141592653589793,5.551115123125783e-16,-2.220446049250313e-16,3.141592653589793,0.5,-0.5,-0.5,0.5
26.959999999999514,1.3930999716036305,2.3299725801961078,4.861999999999998,-0.5,0.0,0.0,3.141592653589793,5.551115123125783e-16,-2.220446049250313e-16,3.141592653589793,0.5,-0.5,-0.5,0.5
26.979999999999514,1.3916094365173945,2.3398608715124425,4.861999999999998,-0.5,0.0,0.0,3.141592653589793,5.551115123125783e-16,-2.220446049250313e-16,3.141592653589793,0.5,-0.5,-0.5,0.5
26.999999999999513,1.3901189014311586,2.349749162828777,4.861999999999998,-0.5,0.0,0.0,3.141592653589793,5.551115123125783e-16,-2.220446049250313e-16,3.141592653589793,0.5,-0.5,-0.5,0.5
27.019999999999513,1.3886283663449226,2.359637454145112,4.861999999999998,-0.5,0.0,0.0,3.141592653589793,5.551115123125783e-16,-2.220446049250313e-16,3.141592653589793,0.5,-0.5,-0.5,0.5
27.039999999999512,1.3871378312586866,2.3695257454614467,4.861999999999998,-0.5,0.0,0.0,3.141592653589793,5.551115123125783e-16,-2.220446049250313e-16,3.141592653589793,0.5,-0.5,-0.5,0.5
27.059999999999512,1.3856472961724506,2.3794140367777814,4.861999999999998,-0.5,0.0,0.0,3.141592653589793,5.551115123125783e-16,-2.220446049250313e-16,3.141592653589793,0.5,-0.5,-0.5,0.5
27.07999999999951,1.3841567610862147,2.389302328094116,4.861999999999998,-0.5,0.0,0.0,3.141592653589793,5.551115123125783e-16,-2.220446049250313e-16,3.141592653589793,0.5,-0.5,-0.5,0.5
27.09999999999951,1.3826662259999787,2.399190619410451,4.861999999999998,-0.5,0.0,0.0,3.141592653589793,5.551115123125783e-16,-2.220446049250313e-16,3.141592653589793,0.5,-0.5,-0.5,0.5
27.11999999999951,1.3811756909137427,2.4090789107267856,4.861999999999998,-0.5,0.0,0.0,3.141592653589793,5.551115123125783e-16,-2.220446049250313e-16,3.141592653589793,0.5,-0.5,-0.5,0.5
27.13999999999951,1.3796851558275067,2.4189672020431203,4.861999999999998,-0.5,0.0,0.0,3.141592653589793,5.551115123125783e-16,-2.220446049250313e-16,3.141592653589793,0.5,-0.5,-0.5,0.5
27.15999999999951,1.3781946207412707,2.428855493359455,4.861999999999998,-0.5,0.0,0.0,3.141592653589793,5.551115123125783e-16,-2.220446049250313e-16,3.141592653589793,0.5,-0.5,-0.5,0.5
27.17999999999951,1.3767040856550348,2.43874378467579,4.861999999999998,-0.5,0.0,0.0,3.141592653589793,5.551115123125783e-16,-2.220446049250313e-16,3.141592653589793,0.5,-0.5,-0.5,0.5
27.19999999999951,1.3752135505687988,2.4486320759921245,4.861999999999998,-0.5,0.0,0.0,3.141592653589793,5.551115123125783e-16,-2.220446049250313e-16,3.141592653589793,0.5,-0.5,-0.5,0.5
27.21999999999951,1.3737230154825628,2.4585203673084592,4.861999999999998,-0.5,0.0,0.0,3.141592653589793,5.551115123125783e-16,-2.220446049250313e-16,3.141592653589793,0.5,-0.5,-0.5,0.5
27.239999999999508,1.3722324803963268,2.468408658624794,4.861999999999998,-0.5,0.0,0.0,3.141592653589793,5.551115123125783e-16,-2.220446049250313e-16,3.141592653589793,0.5,-0.5,-0.5,0.5
27.259999999999508,1.3707419453100909,2.4782969499411287,4.861999999999998,-0.5,0.0,0.0,3.141592653589793,5.551115123125783e-16,-2.220446049250313e-16,3.141592653589793,0.5,-0.5,-0.5,0.5
27.279999999999507,1.3692514102238549,2.4881852412574634,4.861999999999998,-0.5,0.0,0.0,3.141592653589793,5.551115123125783e-16,-2.220446049250313e-16,3.141592653589793,0.5,-0.5,-0.5,0.5
27.299999999999507,1.367760875137619,2.498073532573798,4.861999999999998,-0.5,0.0,0.0,3.141592653589793,5.551115123125783e-16,-2.220446049250313e-16,3.141592653589793,0.5,-0.5,-0.5,0.5
27.319999999999506,1.366270340051383,2.507961823890133,4.861999999999998,-0.5,0.0,0.0,3.141592653589793,5.551115123125783e-16,-2.220446049250313e-16,3.141592653589793,0.5,-0.5,-0.5,0.5
27.339999999999506,1.364779804965147,2.5178501152064676,4.861999999999998,-0.5,0.0,0.0,3.141592653589793,5.551115123125783e-16,-2.220446049250313e-16,3.141592653589793,0.5,-0.5,-0.5,0.5
27.359999999999506,1.363289269878911,2.5277384065228024,4.861999999999998,-0.5,0.0,0.0,3.141592653589793,5.551115123125783e-16,-2.220446049250313e-16,3.141592653589793,0.5,-0.5,-0.5,0.5
27.379999999999505,1.361798734792675,2.537626697839137,4.861999999999998,-0.5,0.0,0.0,3.141592653589793,5.551115123125783e-16,-2.220446049250313e-16,3.141592653589793,0.5,-0.5,-0.5,0.5
27.399999999999505,1.360308199706439,2.547514989155472,4.861999999999998,-0.5,0.0,0.0,3.141592653589793,5.551115123125783e-16,-2.220446049250313e-16,3.141592653589793,0.5,-0.5,-0.5,0.5
27.419999999999504,1.358817664620203,2.5574032804718065,4.861999999999998,-0.5,0.0,0.0,3.141592653589793,5.551115123125783e-16,-2.220446049250313e-16,3.141592653589793,0.5,-0.5,-0.5,0.5
27.439999999999504,1.357327129533967,2.5672915717881413,4.861999999999998,-0.5,0.0,0.0,3.141592653589793,5.551115123125783e-16,-2.220446049250313e-16,3.141592653589793,0.5,-0.5,-0.5,0.5
27.459999999999503,1.355836594447731,2.577179863104476,4.861999999999998,-0.5,0.0,0.0,3.141592653589793,5.551115123125783e-16,-2.220446049250313e-16,3.141592653589793,0.5,-0.5,-0.5,0.5
27.479999999999503,1.354346059361495,2.5870681544208107,4.861999999999998,-0.5,0.0,0.0,3.141592653589793,5.551115123125783e-16,-2.220446049250313e-16,3.141592653589793,0.5,-0.5,-0.5,0.5
27.499999999999503,1.3528555242752591,2.5969564457371455,4.861999999999998,-0.5,0.0,0.0,3.141592653589793,5.551115123125783e-16,-2.220446049250313e-16,3.141592653589793,0.5,-0.5,-0.5,0.5
27.519999999999502,1.3513649891890231,2.60684473705348,4.861999999999998,-0.5,0.0,0.0,3.141592653589793,5.551115123125783e-16,-2.220446049250313e-16,3.141592653589793,0.5,-0.5,-0.5,0.5
27.5399999999995,1.3498744541027872,2.616733028369815,4.861999999999998,-0.5,0.0,0.0,3.141592653589793,5.551115123125783e-16,-2.220446049250313e-16,3.141592653589793,0.5,-0.5,-0.5,0.5
27.5599999999995,1.3483839190165512,2.6266213196861496,4.861999999999998,-0.5,0.0,0.0,3.141592653589793,5.551115123125783e-16,-2.220446049250313e-16,3.141592653589793,0.5,-0.5,-0.5,0.5
27.5799999999995,1.3468933839303152,2.6365096110024844,4.861999999999998,-0.5,0.0,0.0,3.141592653589793,5.551115123125783e-16,-2.220446049250313e-16,3.141592653589793,0.5,-0.5,-0.5,0.5
27.5999999999995,1.3454028488440792,2.646397902318819,4.861999999999998,-0.5,0.0,0.0,3.141592653589793,5.551115123125783e-16,-2.220446049250313e-16,3.141592653589793,0.5,-0.5,-0.5,0.5
27.6199999999995,1.3439123137578433,2.656286193635154,4.861999999999998,-0.5,0.0,0.0,3.141592653589793,5.551115123125783e-16,-2.220446049250313e-16,3.141592653589793,0.5,-0.5,-0.5,0.5
27.6399999999995,1.3424217786716073,2.6661744849514886,4.861999999999998,-0.5,0.0,0.0,3.141592653589793,5.551115123125783e-16,-2.220446049250313e-16,3.141592653589793,0.5,-0.5,-0.5,0.5
27.6599999999995,1.3409312435853713,2.6760627762678233,4.861999999999998,-0.5,0.0,0.0,3.141592653589793,5.551115123125783e-16,-2.220446049250313e-16,3.141592653589793,0.5,-0.5,-0.5,0.5
27.6799999999995,1.3394407084991353,2.685951067584158,4.861999999999998,-0.5,0.0,0.0,3.141592653589793,5.551115123125783e-16,-2.220446049250313e-16,3.141592653589793,0.5,-0.5,-0.5,0.5
27.6999999999995,1.3379501734128993,2.6958393589004928,4.861999999999998,-0.5,0.0,0.0,3.141592653589793,5.551115123125783e-16,-2.220446049250313e-16,3.141592653589793,0.5,-0.5,-0.5,0.5
27.719999999999498,1.3364596383266634,2.7057276502168275,4.861999999999998,-0.5,0.0,0.0,3.141592653589793,5.551115123125783e-16,-2.220446049250313e-16,3.141592653589793,0.5,-0.5,-0.5,0.5
27.739999999999498,1.3349691032404274,2.715615941533162,4.861999999999998,-0.5,0.0,0.0,3.141592653589793,5.551115123125783e-16,-2.220446049250313e-16,3.141592653589793,0.5,-0.5,-0.5,0.5
27.759999999999497,1.3334785681541914,2.725504232849497,4.861999999999998,-0.5,0.0,0.0,3.141592653589793,5.551115123125783e-16,-2.220446049250313e-16,3.141592653589793,0.5,-0.5,-0.5,0.5
27.779999999999497,1.3319880330679554,2.7353925241658317,4.861999999999998,-0.5,0.0,0.0,3.141592653589793,5.551115123125783e-16,-2.220446049250313e-16,3.141592653589793,0.5,-0.5,-0.5,0.5
27.799999999999496,1.3304974979817195,2.7452808154821664,4.861999999999998,-0.5,0.0,0.0,3.141592653589793,5.551115123125783e-16,-2.220446049250313e-16,3.141592653589793,0.5,-0.5,-0.5,0.5
27.819999999999496,1.3290069628954835,2.755169106798501,4.861999999999998,-0.5,0.0,0.0,3.141592653589793,5.551115123125783e-16,-2.220446049250313e-16,3.141592653589793,0.5,-0.5,-0.5,0.5
27.839999999999495,1.3275164278092475,2.765057398114836,4.861999999999998,-0.5,0.0,0.0,3.141592653589793,5.551115123125783e-16,-2.220446049250313e-16,3.141592653589793,0.5,-0.5,-0.5,0.5
27.859999999999495,1.3260258927230115,2.7749456894311706,4.861999999999998,-0.5,0.0,0.0,3.141592653589793,5.551115123125783e-16,-2.220446049250313e-16,3.141592653589793,0.5,-0.5,-0.5,0.5
27.879999999999495,1.3245353576367755,2.7848339807475053,4.861999999999998,-0.5,0.0,0.0,3.141592653589793,5.551115123125783e-16,-2.220446049250313e-16,3.141592653589793,0.5,-0.5,-0.5,0.5
27.899999999999494,1.3230448225505396,2.79472227206384,4.861999999999998,-0.5,0.0,0.0,3.141592653589793,5.551115123125783e-16,-2.220446049250313e-16,3.141592653589793,0.5,-0.5,-0.5,0.5
27.919999999999494,1.3215542874643036,2.804610563380175,4.861999999999998,-0.5,0.0,0.0,3.141592653589793,5.551115123125783e-16,-2.220446049250313e-16,3.141592653589793,0.5,-0.5,-0.5,0.5
27.939999999999493,1.3200637523780676,2.8144988546965095,4.861999999999998,-0.5,0.0,0.0,3.141592653589793,5.551115123125783e-16,-2.220446049250313e-16,3.141592653589793,0.5,-0.5,-0.5,0.5
27.959999999999493,1.3185732172918316,2.8243871460128442,4.861999999999998,-0.5,0.0,0.0,3.141592653589793,5.551115123125783e-16,-2.220446049250313e-16,3.141592653589793,0.5,-0.5,-0.5,0.5
27.979999999999492,1.3170826822055957,2.834275437329179,4.861999999999998,-0.5,0.0,0.0,3.141592653589793,5.551115123125783e-16,-2.220446049250313e-16,3.141592653589793,0.5,-0.5,-0.5,0.5
27.999999999999492,1.3155921471193597,2.8441637286455137,4.861999999999998,-0.5,0.0,0.0,3.141592653589793,5.551115123125783e-16,-2.220446049250313e-16,3.141592653589793,0.5,-0.5,-0.5,0.5
28.01999999999949,1.3141016120331237,2.8540520199618484,4.861999999999998,-0.5,0.0,0.0,3.141592653589793,5.551115123125783e-16,-2.220446049250313e-16,3.141592653589793,0.5,-0.5,-0.5,0.5
28.03999999999949,1.3126706983503371,2.8635447796255296,4.861999999999998,-0.48,0.0,0.0,3.141592653589793,5.551115123125783e-16,-2.220446049250313e-16,3.141592653589793,0.48,-0.48,-0.48,0.48
28.05999999999949,1.311299406071,2.8726420076365575,4.861999999999998,-0.45999999999999996,0.0,0.0,3.141592653589793,5.551115123125783e-16,-2.220446049250313e-16,3.141592653589793,0.45999999999999996,-0.45999999999999996,-0.45999999999999996,0.45999999999999996
28.07999999999949,1.3099877351951121,2.881343703994932,4.861999999999998,-0.43999999999999995,0.0,0.0,3.141592653589793,5.551115123125783e-16,-2.220446049250313e-16,3.141592653589793,0.43999999999999995,-0.43999999999999995,-0.43999999999999995,0.43999999999999995
28.09999999999949,1.3087356857226737,2.889649868700653,4.861999999999998,-0.41999999999999993,0.0,0.0,3.141592653589793,5.551115123125783e-16,-2.220446049250313e-16,3.141592653589793,0.41999999999999993,-0.41999999999999993,-0.41999999999999993,0.41999999999999993
28.11999999999949,1.307543257653685,2.8975605017537207,4.861999999999998,-0.3999999999999999,0.0,0.0,3.141592653589793,5.551115123125783e-16,-2.220446049250313e-16,3.141592653589793,0.3999999999999999,-0.3999999999999999,-0.3999999999999999,0.3999999999999999
28.13999999999949,1.3064104509881456,2.905075603154135,4.861999999999998,-0.3799999999999999,0.0,0.0,3.141592653589793,5.551115123125783e-16,-2.220446049250313e-16,3.141592653589793,0.3799999999999999,-0.3799999999999999,-0.3799999999999999,0.3799999999999999
28.15999999999949,1.3053372657260556,2.912195172901896,4.861999999999998,-0.3599999999999999,0.0,0.0,3.141592653589793,5.551115123125783e-16,-2.220446049250313e-16,3.141592653589793,0.3599999999999999,-0.3599999999999999,-0.3599999999999999,0.3599999999999999
28.179999999999488,1.304323701867415,2.9189192109970037,4.861999999999998,-0.33999999999999986,0.0,0.0,3.141592653589793,5.551115123125783e-16,-2.220446049250313e-16,3.141592653589793,0.33999999999999986,-0.33999999999999986,-0.33999999999999986,0.33999999999999986
28.199999999999488,1.303369759412224,2.9252477174394578,4.861999999999998,-0.31999999999999984,0.0,0.0,3.141592653589793,5.551115123125783e-16,-2.220446049250313e-16,3.141592653589793,0.31999999999999984,-0.31999999999999984,-0.31999999999999984,0.31999999999999984
28.219999999999487,1.3024754383604824,2.9311806922292587,4.861999999999998,-0.2999999999999998,0.0,0.0,3.141592653589793,5.551115123125783e-16,-2.220446049250313e-16,3.141592653589793,0.2999999999999998,-0.2999999999999998,-0.2999999999999998,0.2999999999999998
28.239999999999487,1.3016407387121902,2.936718135366406,4.861999999999998,-0.2799999999999998,0.0,0.0,3.141592653589793,5.551115123125783e-16,-2.220446049250313e-16,3.141592653589793,0.2799999999999998,-0.2799999999999998,-0.2799999999999998,0.2799999999999998
28.259999999999486,1.3008656604673474,2.9418600468509,4.861999999999998,-0.2599999999999998,0.0,0.0,3.141592653589793,5.551115123125783e-16,-2.220446049250313e-16,3.141592653589793,0.2599999999999998,-0.2599999999999998,-0.2599999999999998,0.2599999999999998
28.279999999999486,1.300150203625954,2.9466064266827408,4.861999999999998,-0.2399999999999998,0.0,0.0,3.141592653589793,5.551115123125783e-16,-2.220446049250313e-16,3.141592653589793,0.2399999999999998,-0.2399999999999998,-0.2399999999999998,0.2399999999999998
28.299999999999486,1.2994943681880102,2.950957274861928,4.861999999999998,-0.2199999999999998,0.0,0.0,3.141592653589793,5.551115123125783e-16,-2.220446049250313e-16,3.141592653589793,0.2199999999999998,-0.2199999999999998,-0.2199999999999998,0.2199999999999998
28.319999999999485,1.2988981541535158,2.954912591388462,4.861999999999998,-0.19999999999999982,0.0,0.0,3.141592653589793,5.551115123125783e-16,-2.220446049250313e-16,3.141592653589793,0.19999999999999982,-0.19999999999999982,-0.19999999999999982,0.19999999999999982
28.339999999999485,1.2983615615224708,2.9584723762623426,4.861999999999998,-0.17999999999999983,0.0,0.0,3.141592653589793,5.551115123125783e-16,-2.220446049250313e-16,3.141592653589793,0.17999999999999983,-0.17999999999999983,-0.17999999999999983,0.17999999999999983
28.359999999999484,1.2978845902948752,2.9616366294835696,4.861999999999998,-0.15999999999999984,0.0,0.0,3.141592653589793,5.551115123125783e-16,-2.220446049250313e-16,3.141592653589793,0.15999999999999984,-0.15999999999999984,-0.15999999999999984,0.15999999999999984
28.379999999999484,1.297467240470729,2.9644053510521435,4.861999999999998,-0.13999999999999985,0.0,0.0,3.141592653589793,5.551115123125783e-16,-2.220446049250313e-16,3.141592653589793,0.13999999999999985,-0.13999999999999985,-0.13999999999999985,0.13999999999999985
28.399999999999483,1.2971095120500324,2.966778540968064,4.861999999999998,-0.11999999999999984,0.0,0.0,3.141592653589793,5.551115123125783e-16,-2.220446049250313e-16,3.141592653589793,0.11999999999999984,-0.11999999999999984,-0.11999999999999984,0.11999999999999984
28.419999999999483,1.2968114050327852,2.968756199231331,4.861999999999998,-0.09999999999999984,0.0,0.0,3.141592653589793,5.551115123125783e-16,-2.220446049250313e-16,3.141592653589793,0.09999999999999984,-0.09999999999999984,-0.09999999999999984,0.09999999999999984
28.439999999999483,1.2965729194189874,2.9703383258419445,4.861999999999998,-0.07999999999999984,0.0,0.0,3.141592653589793,5.551115123125783e-16,-2.220446049250313e-16,3.141592653589793,0.07999999999999984,-0.07999999999999984,-0.07999999999999984,0.07999999999999984
28.459999999999482,1.296394055208639,2.971524920799905,4.861999999999998,-0.05999999999999983,0.0,0.0,3.141592653589793,5.551115123125783e-16,-2.220446049250313e-16,3.141592653589793,0.05999999999999983,-0.05999999999999983,-0.05999999999999983,0.05999999999999983
28.47999999999948,1.2962748124017403,2.9723159841052116,4.861999999999998,-0.03999999999999983,0.0,0.0,3.141592653589793,5.551115123125783e-16,-2.220446049250313e-16,3.141592653589793,0.03999999999999983,-0.03999999999999983,-0.03999999999999983,0.03999999999999983
28.49999999999948,1.2962151909982909,2.972711515757865,4.861999999999998,-0.019999999999999827,0.0,0.0,3.141592653589793,5.551115123125783e-16,-2.220446049250313e-16,3.141592653589793,0.019999999999999827,-0.019999999999999827,-0.019999999999999827,0.019999999999999827
28.51999999999948,1.2962151909982909,2.972711515757865,4.861999999999998,0.0,0.0,0.0,3.141592653589793,5.551115123125783e-16,-2.220446049250313e-16,3.141592653589793,0.0,0.0,0.0,0.0
28.53999999999948,1.2962151909982909,2.972711515757865,4.861999999999998,0.0,0.0,0.0,3.141592653589793,5.551115123125783e-16,-2.220446049250313e-16,3.141592653589793,0.0,0.0,0.0,0.0
28.55999999999948,1.2962151909982909,2.972711515757865,4.861999999999998,0.0,0.0,0.0,3.141592653589793,5.551115123125783e-16,-2.220446049250313e-16,3.141592653589793,0.0,0.0,0.0,0.0
28.57999999999948,1.2962151909982909,2.972711515757865,4.861999999999998,0.0,0.0,0.0,3.141592653589793,5.551115123125783e-16,-2.220446049250313e-16,3.141592653589793,0.0,0.0,0.0,0.0
28.59999999999948,1.2962151909982909,2.972711515757865,4.861999999999998,0.0,0.0,0.0,3.141592653589793,5.551115123125783e-16,-2.220446049250313e-16,3.141592653589793,0.0,0.0,0.0,0.0
28.61999999999948,1.2962151909982909,2.972711515757865,4.861999999999998,0.0,0.0,0.0,3.141592653589793,5.551115123125783e-16,-2.220446049250313e-16,3.141592653589793,0.0,0.0,0.0,0.0
28.63999999999948,1.2962151909982909,2.972711515757865,4.861999999999998,0.0,0.0,0.0,3.141592653589793,5.551115123125783e-16,-2.220446049250313e-16,3.141592653589793,0.0,0.0,0.0,0.0
28.659999999999478,1.2962151909982909,2.972711515757865,4.861999999999998,0.0,0.0,0.0,3.141592653589793,5.551115123125783e-16,-2.220446049250313e-16,3.141592653589793,0.0,0.0,0.0,0.0
28.679999999999477,1.2962151909982909,2.972711515757865,4.861999999999998,0.0,0.0,0.0,3.141592653589793,5.551115123125783e-16,-2.220446049250313e-16,3.141592653589793,0.0,0.0,0.0,0.0
28.699999999999477,1.2962151909982909,2.972711515757865,4.861999999999998,0.0,0.0,0.0,3.141592653589793,5.551115123125783e-16,-2.220446049250313e-16,3.141592653589793,0.0,0.0,0.0,0.0
28.719999999999477,1.2962151909982909,2.972711515757865,4.861999999999998,0.0,0.0,0.0,3.141592653589793,5.551115123125783e-16,-2.220446049250313e-16,3.141592653589793,0.0,0.0,0.0,0.0
28.739999999999476,1.2962151909982909,2.972711515757865,4.861999999999998,0.0,0.0,0.0,3.141592653589793,5.551115123125783e-16,-2.220446049250313e-16,3.141592653589793,0.0,0.0,0.0,0.0
28.759999999999476,1.2962151909982909,2.972711515757865,4.861999999999998,0.0,0.0,0.0,3.141592653589793,5.551115123125783e-16,-2.220446049250313e-16,3.141592653589793,0.0,0.0,0.0,0.0
28.779999999999475,1.2962151909982909,2.972711515757865,4.861999999999998,0.0,0.0,0.0,3.141592653589793,5.551115123125783e-16,-2.220446049250313e-16,3.141592653589793,0.0,0.0,0.0,0.0
28.799999999999475,1.2962151909982909,2.972711515757865,4.861999999999998,0.0,0.0,0.0,3.141592653589793,5.551115123125783e-16,-2.220446049250313e-16,3.141592653589793,0.0,0.0,0.0,0.0
28.819999999999474,1.2962151909982909,2.972711515757865,4.861999999999998,0.0,0.0,0.0,3.141592653589793,5.551115123125783e-16,-2.220446049250313e-16,3.141592653589793,0.0,0.0,0.0,0.0
28.839999999999474,1.2962151909982909,2.972711515757865,4.861999999999998,0.0,0.0,0.0,3.141592653589793,5.551115123125783e-16,-2.220446049250313e-16,3.141592653589793,0.0,0.0,0.0,0.0
28.859999999999474,1.2962151909982909,2.972711515757865,4.861999999999998,0.0,0.0,0.0,3.141592653589793,5.551115123125783e-16,-2.220446049250313e-16,3.141592653589793,0.0,0.0,0.0,0.0
28.879999999999473,1.2962151909982909,2.972711515757865,4.861999999999998,0.0,0.0,0.0,3.141592653589793,5.551115123125783e-16,-2.220446049250313e-16,3.141592653589793,0.0,0.0,0.0,0.0
28.899999999999473,1.2962151909982909,2.972711515757865,4.861999999999998,0.0,0.0,0.0,3.141592653589793,5.551115123125783e-16,-2.220446049250313e-16,3.141592653589793,0.0,0.0,0.0,0.0
28.919999999999472,1.2962151909982909,2.972711515757865,4.861999999999998,0.0,0.0,0.0,3.141592653589793,5.551115123125783e-16,-2.220446049250313e-16,3.141592653589793,0.0,0.0,0.0,0.0
28.939999999999472,1.2962151909982909,2.972711515757865,4.861999999999998,0.0,0.0,0.0,3.141592653589793,5.551115123125783e-16,-2.220446049250313e-16,3.141592653589793,0.0,0.0,0.0,0.0
28.95999999999947,1.2962151909982909,2.972711515757865,4.861999999999998,0.0,0.0,0.0,3.141592653589793,5.551115123125783e-16,-2.220446049250313e-16,3.141592653589793,0.0,0.0,0.0,0.0
28.97999999999947,1.2962151909982909,2.972711515757865,4.861999999999998,0.0,0.0,0.0,3.141592653589793,5.551115123125783e-16,-2.220446049250313e-16,3.141592653589793,0.0,0.0,0.0,0.0
28.99999999999947,1.2962151909982909,2.972711515757865,4.861999999999998,0.0,0.0,0.0,3.141592653589793,5.551115123125783e-16,-2.220446049250313e-16,3.141592653589793,0.0,0.0,0.0,0.0
29.01999999999947,1.2962151909982909,2.972711515757865,4.861999999999998,0.0,0.0,0.0,3.141592653589793,5.551115123125783e-16,-2.220446049250313e-16,3.141592653589793,0.0,0.0,0.0,0.0
29.03999999999947,1.2962151909982909,2.972711515757865,4.861999999999998,0.0,0.0,0.0,3.141592653589793,5.551115123125783e-16,-2.220446049250313e-16,3.141592653589793,0.0,0.0,0.0,0.0
29.05999999999947,1.2962151909982909,2.972711515757865,4.861999999999998,0.0,0.0,0.0,3.141592653589793,5.551115123125783e-16,-2.220446049250313e-16,3.141592653589793,0.0,0.0,0.0,0.0
29.07999999999947,1.2962151909982909,2.972711515757865,4.861999999999998,0.0,0.0,0.0,3.141592653589793,5.551115123125783e-16,-2.220446049250313e-16,3.141592653589793,0.0,0.0,0.0,0.0
29.09999999999947,1.2962151909982909,2.972711515757865,4.861999999999998,0.0,0.0,0.0,3.141592653589793,5.551115123125783e-16,-2.220446049250313e-16,3.141592653589793,0.0,0.0,0.0,0.0
29.119999999999468,1.2962151909982909,2.972711515757865,4.861999999999998,0.0,0.0,0.0,3.141592653589793,5.551115123125783e-16,-2.220446049250313e-16,3.141592653589793,0.0,0.0,0.0,0.0
29.139999999999468,1.2962151909982909,2.972711515757865,4.861999999999998,0.0,0.0,0.0,3.141592653589793,5.551115123125783e-16,-2.220446049250313e-16,3.141592653589793,0.0,0.0,0.0,0.0
29.159999999999467,1.2962151909982909,2.972711515757865,4.861999999999998,0.0,0.0,0.0,3.141592653589793,5.551115123125783e-16,-2.220446049250313e-16,3.141592653589793,0.0,0.0,0.0,0.0
29.179999999999467,1.2962151909982909,2.972711515757865,4.861999999999998,0.0,0.0,0.0,3.141592653589793,5.551115123125783e-16,-2.220446049250313e-16,3.141592653589793,0.0,0.0,0.0,0.0
29.199999999999466,1.2962151909982909,2.972711515757865,4.861999999999998,0.0,0.0,0.0,3.141592653589793,5.551115123125783e-16,-2.220446049250313e-16,3.141592653589793,0.0,0.0,0.0,0.0
29.219999999999466,1.2962151909982909,2.972711515757865,4.861999999999998,0.0,0.0,0.0,3.141592653589793,5.551115123125783e-16,-2.220446049250313e-16,3.141592653589793,0.0,0.0,0.0,0.0
29.239999999999466,1.2962151909982909,2.972711515757865,4.861999999999998,0.0,0.0,0.0,3.141592653589793,5.551115123125783e-16,-2.220446049250313e-16,3.141592653589793,0.0,0.0,0.0,0.0
29.259999999999465,1.2962151909982909,2.972711515757865,4.861999999999998,0.0,0.0,0.0,3.141592653589793,5.551115123125783e-16,-2.220446049250313e-16,3.141592653589793,0.0,0.0,0.0,0.0
29.279999999999465,1.2962151909982909,2.972711515757865,4.861999999999998,0.0,0.0,0.0,3.141592653589793,5.551115123125783e-16,-2.220446049250313e-16,3.141592653589793,0.0,0.0,0.0,0.0
29.299999999999464,1.2962151909982909,2.972711515757865,4.861999999999998,0.0,0.0,0.0,3.141592653589793,5.551115123125783e-16,-2.220446049250313e-16,3.141592653589793,0.0,0.0,0.0,0.0
29.319999999999464,1.2962151909982909,2.972711515757865,4.861999999999998,0.0,0.0,0.0,3.141592653589793,5.551115123125783e-16,-2.220446049250313e-16,3.141592653589793,0.0,0.0,0.0,0.0
29.339999999999463,1.2962151909982909,2.972711515757865,4.861999999999998,0.0,0.0,0.0,3.141592653589793,5.551115123125783e-16,-2.220446049250313e-16,3.141592653589793,0.0,0.0,0.0,0.0
29.359999999999463,1.2962151909982909,2.972711515757865,4.861999999999998,0.0,0.0,0.0,3.141592653589793,5.551115123125783e-16,-2.220446049250313e-16,3.141592653589793,0.0,0.0,0.0,0.0
29.379999999999463,1.2962151909982909,2.972711515757865,4.861999999999998,0.0,0.0,0.0,3.141592653589793,5.551115123125783e-16,-2.220446049250313e-16,3.141592653589793,0.0,0.0,0.0,0.0
29.399999999999462,1.2962151909982909,2.972711515757865,4.861999999999998,0.0,0.0,0.0,3.141592653589793,5.551115123125783e-16,-2.220446049250313e-16,3.141592653589793,0.0,0.0,0.0,0.0
29.41999999999946,1.2962151909982909,2.972711515757865,4.861999999999998,0.0,0.0,0.0,3.141592653589793,5.551115123125783e-16,-2.220446049250313e-16,3.141592653589793,0.0,0.0,0.0,0.0
29.43999999999946,1.2962151909982909,2.972711515757865,4.861999999999998,0.0,0.0,0.0,3.141592653589793,5.551115123125783e-16,-2.220446049250313e-16,3.141592653589793,0.0,0.0,0.0,0.0
29.45999999999946,1.2962151909982909,2.972711515757865,4.861999999999998,0.0,0.0,0.0,3.141592653589793,5.551115123125783e-16,-2.220446049250313e-16,3.141592653589793,0.0,0.0,0.0,0.0
29.47999999999946,1.2962151909982909,2.972711515757865,4.861999999999998,0.0,0.0,0.0,3.141592653589793,5.551115123125783e-16,-2.220446049250313e-16,3.141592653589793,0.0,0.0,0.0,0.0
29.49999999999946,1.2962151909982909,2.972711515757865,4.861999999999998,0.0,0.0,0.0,3.141592653589793,5.551115123125783e-16,-2.220446049250313e-16,3.141592653589793,0.0,0.0,0.0,0.0
29.51999999999946,1.2962151909982909,2.972711515757865,4.861999999999998,0.0,0.0,0.0,3.141592653589793,5.551115123125783e-16,-2.220446049250313e-16,3.141592653589793,0.0,0.0,0.0,0.0
29.53999999999946,1.2962151909982909,2.972711515757865,4.861999999999998,0.0,0.0,0.0,3.141592653589793,5.551115123125783e-16,-2.220446049250313e-16,3.141592653589793,0.0,0.0,0.0,0.0
29.55999999999946,1.2962151909982909,2.972711515757865,4.861999999999998,0.0,0.0,0.0,3.141592653589793,5.551115123125783e-16,-2.220446049250313e-16,3.141592653589793,0.0,0.0,0.0,0.0
29.57999999999946,1.2962151909982909,2.972711515757865,4.861999999999998,0.0,0.0,0.0,3.141592653589793,5.551115123125783e-16,-2.220446049250313e-16,3.141592653589793,0.0,0.0,0.0,0.0
29.599999999999458,1.2962151909982909,2.972711515757865,4.861999999999998,0.0,0.0,0.0,3.141592653589793,5.551115123125783e-16,-2.220446049250313e-16,3.141592653589793,0.0,0.0,0.0,0.0
29.619999999999457,1.2962151909982909,2.972711515757865,4.861999999999998,0.0,0.0,0.0,3.141592653589793,5.551115123125783e-16,-2.220446049250313e-16,3.141592653589793,0.0,0.0,0.0,0.0
29.639999999999457,1.2962151909982909,2.972711515757865,4.861999999999998,0.0,0.0,0.0,3.141592653589793,5.551115123125783e-16,-2.220446049250313e-16,3.141592653589793,0.0,0.0,0.0,0.0
29.659999999999457,1.2962151909982909,2.972711515757865,4.861999999999998,0.0,0.0,0.0,3.141592653589793,5.551115123125783e-16,-2.220446049250313e-16,3.141592653589793,0.0,0.0,0.0,0.0
29.679999999999456,1.2962151909982909,2.972711515757865,4.861999999999998,0.0,0.0,0.0,3.141592653589793,5.551115123125783e-16,-2.220446049250313e-16,3.141592653589793,0.0,0.0,0.0,0.0
29.699999999999456,1.2962151909982909,2.972711515757865,4.861999999999998,0.0,0.0,0.0,3.141592653589793,5.551115123125783e-16,-2.220446049250313e-16,3.141592653589793,0.0,0.0,0.0,0.0
29.719999999999455,1.2962151909982909,2.972711515757865,4.861999999999998,0.0,0.0,0.0,3.141592653589793,5.551115123125783e-16,-2.220446049250313e-16,3.141592653589793,0.0,0.0,0.0,0.0
29.739999999999455,1.2962151909982909,2.972711515757865,4.861999999999998,0.0,0.0,0.0,3.141592653589793,5.551115123125783e-16,-2.220446049250313e-16,3.141592653589793,0.0,0.0,0.0,0.0
29.759999999999454,1.2962151909982909,2.972711515757865,4.861999999999998,0.0,0.0,0.0,3.141592653589793,5.551115123125783e-16,-2.220446049250313e-16,3.141592653589793,0.0,0.0,0.0,0.0
29.779999999999454,1.2962151909982909,2.972711515757865,4.861999999999998,0.0,0.0,0.0,3.141592653589793,5.551115123125783e-16,-2.220446049250313e-16,3.141592653589793,0.0,0.0,0.0,0.0
29.799999999999454,1.2962151909982909,2.972711515757865,4.861999999999998,0.0,0.0,0.0,3.141592653589793,5.551115123125783e-16,-2.220446049250313e-16,3.141592653589793,0.0,0.0,0.0,0.0
29.819999999999453,1.2962151909982909,2.972711515757865,4.861999999999998,0.0,0.0,0.0,3.141592653589793,5.551115123125783e-16,-2.220446049250313e-16,3.141592653589793,0.0,0.0,0.0,0.0
29.839999999999453,1.2962151909982909,2.972711515757865,4.861999999999998,0.0,0.0,0.0,3.141592653589793,5.551115123125783e-16,-2.220446049250313e-16,3.141592653589793,0.0,0.0,0.0,0.0
29.859999999999452,1.2962151909982909,2.972711515757865,4.861999999999998,0.0,0.0,0.0,3.141592653589793,5.551115123125783e-16,-2.220446049250313e-16,3.141592653589793,0.0,0.0,0.0,0.0
29.879999999999452,1.2962151909982909,2.972711515757865,4.861999999999998,0.0,0.0,0.0,3.141592653589793,5.551115123125783e-16,-2.220446049250313e-16,3.141592653589793,0.0,0.0,0.0,0.0
29.89999999999945,1.2962151909982909,2.972711515757865,4.861999999999998,0.0,0.0,0.0,3.141592653589793,5.551115123125783e-16,-2.220446049250313e-16,3.141592653589793,0.0,0.0,0.0,0.0
29.91999999999945,1.2962151909982909,2.972711515757865,4.861999999999998,0.0,0.0,0.0,3.141592653589793,5.551115123125783e-16,-2.220446049250313e-16,3.141592653589793,0.0,0.0,0.0,0.0
29.93999999999945,1.2962151909982909,2.972711515757865,4.861999999999998,0.0,0.0,0.0,3.141592653589793,5.551115123125783e-16,-2.220446049250313e-16,3.141592653589793,0.0,0.0,0.0,0.0
29.95999999999945,1.2962151909982909,2.972711515757865,4.861999999999998,0.0,0.0,0.0,3.141592653589793,5.551115123125783e-16,-2.220446049250313e-16,3.141592653589793,0.0,0.0,0.0,0.0
29.97999999999945,1.2962151909982909,2.972711515757865,4.861999999999998,0.0,0.0,0.0,3.141592653589793,5.551115123125783e-16,-2.220446049250313e-16,3.141592653589793,0.0,0.0,0.0,0.0
29.99999999999945,1.2962151909982909,2.972711515757865,4.861999999999998,0.0,0.0,0.0,3.141592653589793,5.551115123125783e-16,-2.220446049250313e-16,3.141592653589793,0.0,0.0,0.0,0.0
30.01999999999945,1.2962151909982909,2.972711515757865,4.861999999999998,0.0,0.0,0.0,3.141592653589793,5.551115123125783e-16,-2.220446049250313e-16,3.141592653589793,0.0,0.0,0.0,0.0
30.03999999999945,1.2962151909982909,2.972711515757865,4.861999999999998,0.0,0.0,0.0,3.141592653589793,5.551115123125783e-16,-2.220446049250313e-16,3.141592653589793,0.0,0.0,0.0,0.0
30.059999999999448,1.2962151909982909,2.972711515757865,4.861999999999998,0.0,0.0,0.0,3.141592653589793,5.551115123125783e-16,-2.220446049250313e-16,3.141592653589793,0.0,0.0,0.0,0.0
30.079999999999448,1.2962151909982909,2.972711515757865,4.861999999999998,0.0,0.0,0.0,3.141592653589793,5.551115123125783e-16,-2.220446049250313e-16,3.141592653589793,0.0,0.0,0.0,0.0
30.099999999999447,1.2962151909982909,2.972711515757865,4.861999999999998,0.0,0.0,0.0,3.141592653589793,5.551115123125783e-16,-2.220446049250313e-16,3.141592653589793,0.0,0.0,0.0,0.0
30.119999999999447,1.2962151909982909,2.972711515757865,4.861999999999998,0.0,0.0,0.0,3.141592653589793,5.551115123125783e-16,-2.220446049250313e-16,3.141592653589793,0.0,0.0,0.0,0.0
30.139999999999446,1.2962151909982909,2.972711515757865,4.861999999999998,0.0,0.0,0.0,3.141592653589793,5.551115123125783e-16,-2.220446049250313e-16,3.141592653589793,0.0,0.0,0.0,0.0
30.159999999999446,1.2962151909982909,2.972711515757865,4.861999999999998,0.0,0.0,0.0,3.141592653589793,5.551115123125783e-16,-2.220446049250313e-16,3.141592653589793,0.0,0.0,0.0,0.0
30.179999999999445,1.2962151909982909,2.972711515757865,4.861999999999998,0.0,0.0,0.0,3.141592653589793,5.551115123125783e-16,-2.220446049250313e-16,3.141592653589793,0.0,0.0,0.0,0.0
30.199999999999445,1.2962151909982909,2.972711515757865,4.861999999999998,0.0,0.0,0.0,3.141592653589793,5.551115123125783e-16,-2.220446049250313e-16,3.141592653589793,0.0,0.0,0.0,0.0
30.219999999999445,1.2962151909982909,2.972711515757865,4.861999999999998,0.0,0.0,0.0,3.141592653589793,5.551115123125783e-16,-2.220446049250313e-16,3.141592653589793,0.0,0.0,0.0,0.0
30.239999999999444,1.2962151909982909,2.972711515757865,4.861999999999998,0.0,0.0,0.0,3.141592653589793,5.551115123125783e-16,-2.220446049250313e-16,3.141592653589793,0.0,0.0,0.0,0.0
30.259999999999444,1.2962151909982909,2.972711515757865,4.861999999999998,0.0,0.0,0.0,3.141592653589793,5.551115123125783e-16,-2.220446049250313e-16,3.141592653589793,0.0,0.0,0.0,0.0
30.279999999999443,1.2962151909982909,2.972711515757865,4.861999999999998,0.0,0.0,0.0,3.141592653589793,5.551115123125783e-16,-2.220446049250313e-16,3.141592653589793,0.0,0.0,0.0,0.0
30.299999999999443,1.2962151909982909,2.972711515757865,4.861999999999998,0.0,0.0,0.0,3.141592653589793,5.551115123125783e-16,-2.220446049250313e-16,3.141592653589793,0.0,0.0,0.0,0.0
30.319999999999443,1.2962151909982909,2.972711515757865,4.861999999999998,0.0,0.0,0.0,3.141592653589793,5.551115123125783e-16,-2.220446049250313e-16,3.141592653589793,0.0,0.0,0.0,0.0
30.339999999999442,1.2962151909982909,2.972711515757865,4.861999999999998,0.0,0.0,0.0,3.141592653589793,5.551115123125783e-16,-2.220446049250313e-16,3.141592653589793,0.0,0.0,0.0,0.0
30.35999999999944,1.2962151909982909,2.972711515757865,4.861999999999998,0.0,0.0,0.0,3.141592653589793,5.551115123125783e-16,-2.220446049250313e-16,3.141592653589793,0.0,0.0,0.0,0.0
30.37999999999944,1.2962151909982909,2.972711515757865,4.861999999999998,0.0,0.0,0.0,3.141592653589793,5.551115123125783e-16,-2.220446049250313e-16,3.141592653589793,0.0,0.0,0.0,0.0
30.39999999999944,1.2962151909982909,2.972711515757865,4.861999999999998,0.0,0.0,0.0,3.141592653589793,5.551115123125783e-16,-2.220446049250313e-16,3.141592653589793,0.0,0.0,0.0,0.0
30.41999999999944,1.2962151909982909,2.972711515757865,4.861999999999998,0.0,0.0,0.0,3.141592653589793,5.551115123125783e-16,-2.220446049250313e-16,3.141592653589793,0.0,0.0,0.0,0.0
30.43999999999944,1.2962151909982909,2.972711515757865,4.861999999999998,0.0,0.0,0.0,3.141592653589793,5.551115123125783e-16,-2.220446049250313e-16,3.141592653589793,0.0,0.0,0.0,0.0
30.45999999999944,1.2962151909982909,2.972711515757865,4.861999999999998,0.0,0.0,0.0,3.141592653589793,5.551115123125783e-16,-2.220446049250313e-16,3.141592653589793,0.0,0.0,0.0,0.0
30.47999999999944,1.2962151909982909,2.972711515757865,4.861999999999998,0.0,0.0,0.0,3.141592653589793,5.551115123125783e-16,-2.220446049250313e-16,3.141592653589793,0.0,0.0,0.0,0.0
30.49999999999944,1.2962151909982909,2.972711515757865,4.861999999999998,0.0,0.0,0.0,3.141592653589793,5.551115123125783e-16,-2.220446049250313e-16,3.141592653589793,0.0,0.0,0.0,0.0
30.51999999999944,1.2962151909982909,2.972711515757865,4.861999999999998,0.0,0.0,0.0,3.141592653589793,5.551115123125783e-16,-2.220446049250313e-16,3.141592653589793,0.0,0.0,0.0,0.0
30.539999999999438,1.2962151909982909,2.972711515757865,4.861999999999998,0.0,0.0,0.0,3.141592653589793,5.551115123125783e-16,-2.220446049250313e-16,3.141592653589793,0.0,0.0,0.0,0.0
30.559999999999437,1.2962151909982909,2.972711515757865,4.861999999999998,0.0,0.0,0.0,3.141592653589793,5.551115123125783e-16,-2.220446049250313e-16,3.141592653589793,0.0,0.0,0.0,0.0
30.579999999999437,1.2962151909982909,2.972711515757865,4.861999999999998,0.0,0.0,0.0,3.141592653589793,5.551115123125783e-16,-2.220446049250313e-16,3.141592653589793,0.0,0.0,0.0,0.0
30.599999999999437,1.2962151909982909,2.972711515757865,4.861999999999998,0.0,0.0,0.0,3.141592653589793,5.551115123125783e-16,-2.220446049250313e-16,3.141592653589793,0.0,0.0,0.0,0.0
30.619999999999436,1.2962151909982909,2.972711515757865,4.861999999999998,0.0,0.0,0.0,3.141592653589793,5.551115123125783e-16,-2.220446049250313e-16,3.141592653589793,0.0,0.0,0.0,0.0
30.639999999999436,1.2962151909982909,2.972711515757865,4.861999999999998,0.0,0.0,0.0,3.141592653589793,5.551115123125783e-16,-2.220446049250313e-16,3.141592653589793,0.0,0.0,0.0,0.0
30.659999999999435,1.2962151909982909,2.972711515757865,4.861999999999998,0.0,0.0,0.0,3.141592653589793,5.551115123125783e-16,-2.220446049250313e-16,3.141592653589793,0.0,0.0,0.0,0.0
30.679999999999435,1.2962151909982909,2.972711515757865,4.861999999999998,0.0,0.0,0.0,3.141592653589793,5.551115123125783e-16,-2.220446049250313e-16,3.141592653589793,0.0,0.0,0.0,0.0
30.699999999999434,1.2962151909982909,2.972711515757865,4.861999999999998,0.0,0.0,0.0,3.141592653589793,5.551115123125783e-16,-2.220446049250313e-16,3.141592653589793,0.0,0.0,0.0,0.0
30.719999999999434,1.2962151909982909,2.972711515757865,4.861999999999998,0.0,0.0,0.0,3.141592653589793,5.551115123125783e-16,-2.220446049250313e-16,3.141592653589793,0.0,0.0,0.0,0.0
30.739999999999434,1.2962151909982909,2.972711515757865,4.861999999999998,0.0,0.0,0.0,3.141592653589793,5.551115123125783e-16,-2.220446049250313e-16,3.141592653589793,0.0,0.0,0.0,0.0
30.759999999999433,1.2962151909982909,2.972711515757865,4.861999999999998,0.0,0.0,0.0,3.141592653589793,5.551115123125783e-16,-2.220446049250313e-16,3.141592653589793,0.0,0.0,0.0,0.0
30.779999999999433,1.2962151909982909,2.972711515757865,4.861999999999998,0.0,0.0,0.0,3.141592653589793,5.551115123125783e-16,-2.220446049250313e-16,3.141592653589793,0.0,0.0,0.0,0.0
30.799999999999432,1.2962151909982909,2.972711515757865,4.861999999999998,0.0,0.0,0.0,3.141592653589793,5.551115123125783e-16,-2.220446049250313e-16,3.141592653589793,0.0,0.0,0.0,0.0
30.819999999999432,1.2962151909982909,2.972711515757865,4.861999999999998,0.0,0.0,0.0,3.141592653589793,5.551115123125783e-16,-2.220446049250313e-16,3.141592653589793,0.0,0.0,0.0,0.0
30.83999999999943,1.2962151909982909,2.972711515757865,4.861999999999998,0.0,0.0,0.0,3.141592653589793,5.551115123125783e-16,-2.220446049250313e-16,3.141592653589793,0.0,0.0,0.0,0.0
30.85999999999943,1.2962151909982909,2.972711515757865,4.861999999999998,0.0,0.0,0.0,3.141592653589793,5.551115123125783e-16,-2.220446049250313e-16,3.141592653589793,0.0,0.0,0.0,0.0
30.87999999999943,1.2962151909982909,2.972711515757865,4.861999999999998,0.0,0.0,0.0,3.141592653589793,5.551115123125783e-16,-2.220446049250313e-16,3.141592653589793,0.0,0.0,0.0,0.0
30.89999999999943,1.2962151909982909,2.972711515757865,4.861999999999998,0.0,0.0,0.0,3.141592653589793,5.551115123125783e-16,-2.220446049250313e-16,3.141592653589793,0.0,0.0,0.0,0.0
30.91999999999943,1.2962151909982909,2.972711515757865,4.861999999999998,0.0,0.0,0.0,3.141592653589793,5.551115123125783e-16,-2.220446049250313e-16,3.141592653589793,0.0,0.0,0.0,0.0
30.93999999999943,1.2962151909982909,2.972711515757865,4.861999999999998,0.0,0.0,0.0,3.141592653589793,5.551115123125783e-16,-2.220446049250313e-16,3.141592653589793,0.0,0.0,0.0,0.0
30.95999999999943,1.2962151909982909,2.972711515757865,4.861999999999998,0.0,0.0,0.0,3.141592653589793,5.551115123125783e-16,-2.220446049250313e-16,3.141592653589793,0.0,0.0,0.0,0.0
30.97999999999943,1.2962151909982909,2.972711515757865,4.861999999999998,0.0,0.0,0.0,3.141592653589793,5.551115123125783e-16,-2.220446049250313e-16,3.141592653589793,0.0,0.0,0.0,0.0
30.999999999999428,1.2962151909982909,2.972711515757865,4.861999999999998,0.0,0.0,0.0,3.141592653589793,5.551115123125783e-16,-2.220446049250313e-16,3.141592653589793,0.0,0.0,0.0,0.0
31.019999999999428,1.2962151909982909,2.972711515757865,4.861999999999998,0.0,0.0,0.0,3.141592653589793,5.551115123125783e-16,-2.220446049250313e-16,3.141592653589793,0.0,0.0,0.0,0.0
31.039999999999427,1.2962151909982909,2.972711515757865,4.861999999999998,0.0,0.0,0.0,3.141592653589793,5.551115123125783e-16,-2.220446049250313e-16,3.141592653589793,0.0,0.0,0.0,0.0
31.059999999999427,1.2962151909982909,2.972711515757865,4.861999999999998,0.0,0.0,0.0,3.141592653589793,5.551115123125783e-16,-2.220446049250313e-16,3.141592653589793,0.0,0.0,0.0,0.0
31.079999999999426,1.2962151909982909,2.972711515757865,4.861999999999998,0.0,0.0,0.0,3.141592653589793,5.551115123125783e-16,-2.220446049250313e-16,3.141592653589793,0.0,0.0,0.0,0.0
31.099999999999426,1.2962151909982909,2.972711515757865,4.861999999999998,0.0,0.0,0.0,3.141592653589793,5.551115123125783e-16,-2.220446049250313e-16,3.141592653589793,0.0,0.0,0.0,0.0
31.119999999999425,1.2962151909982909,2.972711515757865,4.861999999999998,0.0,0.0,0.0,3.141592653589793,5.551115123125783e-16,-2.220446049250313e-16,3.141592653589793,0.0,0.0,0.0,0.0
31.139999999999425,1.2962151909982909,2.972711515757865,4.861999999999998,0.0,0.0,0.0,3.141592653589793,5.551115123125783e-16,-2.220446049250313e-16,3.141592653589793,0.0,0.0,0.0,0.0
31.159999999999425,1.2962151909982909,2.972711515757865,4.861999999999998,0.0,0.0,0.0,3.141592653589793,5.551115123125783e-16,-2.220446049250313e-16,3.141592653589793,0.0,0.0,0.0,0.0
31.179999999999424,1.2962151909982909,2.972711515757865,4.861999999999998,0.0,0.0,0.0,3.141592653589793,5.551115123125783e-16,-2.220446049250313e-16,3.141592653589793,0.0,0.0,0.0,0.0
31.199999999999424,1.2962151909982909,2.972711515757865,4.861999999999998,0.0,0.0,0.0,3.141592653589793,5.551115123125783e-16,-2.220446049250313e-16,3.141592653589793,0.0,0.0,0.0,0.0
31.219999999999423,1.2962151909982909,2.972711515757865,4.861999999999998,0.0,0.0,0.0,3.141592653589793,5.551115123125783e-16,-2.220446049250313e-16,3.141592653589793,0.0,0.0,0.0,0.0
31.239999999999423,1.2962151909982909,2.972711515757865,4.861999999999998,0.0,0.0,0.0,3.141592653589793,5.551115123125783e-16,-2.220446049250313e-16,3.141592653589793,0.0,0.0,0.0,0.0
31.259999999999422,1.2962151909982909,2.972711515757865,4.861999999999998,0.0,0.0,0.0,3.141592653589793,5.551115123125783e-16,-2.220446049250313e-16,3.141592653589793,0.0,0.0,0.0,0.0
31.279999999999422,1.2962151909982909,2.972711515757865,4.861999999999998,0.0,0.0,0.0,3.141592653589793,5.551115123125783e-16,-2.220446049250313e-16,3.141592653589793,0.0,0.0,0.0,0.0
31.29999999999942,1.2962151909982909,2.972711515757865,4.861999999999998,0.0,0.0,0.0,3.141592653589793,5.551115123125783e-16,-2.220446049250313e-16,3.141592653589793,0.0,0.0,0.0,0.0
31.31999999999942,1.2962151909982909,2.972711515757865,4.861999999999998,0.0,0.0,0.0,3.141592653589793,5.551115123125783e-16,-2.220446049250313e-16,3.141592653589793,0.0,0.0,0.0,0.0
31.33999999999942,1.2962151909982909,2.972711515757865,4.861999999999998,0.0,0.0,0.0,3.141592653589793,5.551115123125783e-16,-2.220446049250313e-16,3.141592653589793,0.0,0.0,0.0,0.0
31.35999999999942,1.2962151909982909,2.972711515757865,4.861999999999998,0.0,0.0,0.0,3.141592653589793,5.551115123125783e-16,-2.220446049250313e-16,3.141592653589793,0.0,0.0,0.0,0.0
31.37999999999942,1.2962151909982909,2.972711515757865,4.861999999999998,0.0,0.0,0.0,3.141592653589793,5.551115123125783e-16,-2.220446049250313e-16,3.141592653589793,0.0,0.0,0.0,0.0
31.39999999999942,1.2962151909982909,2.972711515757865,4.861999999999998,0.0,0.0,0.0,3.141592653589793,5.551115123125783e-16,-2.220446049250313e-16,3.141592653589793,0.0,0.0,0.0,0.0
31.41999999999942,1.2962151909982909,2.972711515757865,4.861999999999998,0.0,0.0,0.0,3.141592653589793,5.551115123125783e-16,-2.220446049250313e-16,3.141592653589793,0.0,0.0,0.0,0.0
31.43999999999942,1.2962151909982909,2.972711515757865,4.861999999999998,0.0,0.0,0.0,3.141592653589793,5.551115123125783e-16,-2.220446049250313e-16,3.141592653589793,0.0,0.0,0.0,0.0
31.459999999999418,1.2962151909982909,2.972711515757865,4.861999999999998,0.0,0.0,0.0,3.141592653589793,5.551115123125783e-16,-2.220446049250313e-16,3.141592653589793,0.0,0.0,0.0,0.0
31.479999999999418,1.2962151909982909,2.972711515757865,4.861999999999998,0.0,0.0,0.0,3.141592653589793,5.551115123125783e-16,-2.220446049250313e-16,3.141592653589793,0.0,0.0,0.0,0.0
31.499999999999417,1.2962151909982909,2.972711515757865,4.861999999999998,0.0,0.0,0.0,3.141592653589793,5.551115123125783e-16,-2.220446049250313e-16,3.141592653589793,0.0,0.0,0.0,0.0
31.519999999999417,1.2962151909982909,2.972711515757865,4.861999999999998,0.0,0.0,0.0,3.141592653589793,5.551115123125783e-16,-2.220446049250313e-16,3.141592653589793,0.0,0.0,0.0,0.0
31.539999999999417,1.2962151909982909,2.972711515757865,4.861999999999998,0.0,0.0,0.0,3.141592653589793,5.551115123125783e-16,-2.220446049250313e-16,3.141592653589793,0.0,0.0,0.0,0.0
31.559999999999416,1.2962151909982909,2.972711515757865,4.861999999999998,0.0,0.0,0.0,3.141592653589793,5.551115123125783e-16,-2.220446049250313e-16,3.141592653589793,0.0,0.0,0.0,0.0
31.579999999999416,1.2962151909982909,2.972711515757865,4.861999999999998,0.0,0.0,0.0,3.141592653589793,5.551115123125783e-16,-2.220446049250313e-16,3.141592653589793,0.0,0.0,0.0,0.0
31.599999999999415,1.2962151909982909,2.972711515757865,4.861999999999998,0.0,0.0,0.0,3.141592653589793,5.551115123125783e-16,-2.220446049250313e-16,3.141592653589793,0.0,0.0,0.0,0.0
31.619999999999415,1.2962151909982909,2.972711515757865,4.861999999999998,0.0,0.0,0.0,3.141592653589793,5.551115123125783e-16,-2.220446049250313e-16,3.141592653589793,0.0,0.0,0.0,0.0
31.639999999999414,1.2962151909982909,2.972711515757865,4.861999999999998,0.0,0.0,0.0,3.141592653589793,5.551115123125783e-16,-2.220446049250313e-16,3.141592653589793,0.0,0.0,0.0,0.0
31.659999999999414,1.2962151909982909,2.972711515757865,4.861999999999998,0.0,0.0,0.0,3.141592653589793,5.551115123125783e-16,-2.220446049250313e-16,3.141592653589793,0.0,0.0,0.0,0.0
31.679999999999414,1.2962151909982909,2.972711515757865,4.861999999999998,0.0,0.0,0.0,3.141592653589793,5.551115123125783e-16,-2.220446049250313e-16,3.141592653589793,0.0,0.0,0.0,0.0
31.699999999999413,1.2962151909982909,2.972711515757865,4.861999999999998,0.0,0.0,0.0,3.141592653589793,5.551115123125783e-16,-2.220446049250313e-16,3.141592653589793,0.0,0.0,0.0,0.0
31.719999999999413,1.2962151909982909,2.972711515757865,4.861999999999998,0.0,0.0,0.0,3.141592653589793,5.551115123125783e-16,-2.220446049250313e-16,3.141592653589793,0.0,0.0,0.0,0.0
31.739999999999412,1.2962151909982909,2.972711515757865,4.861999999999998,0.0,0.0,0.0,3.141592653589793,5.551115123125783e-16,-2.220446049250313e-16,3.141592653589793,0.0,0.0,0.0,0.0
31.759999999999412,1.2962151909982909,2.972711515757865,4.861999999999998,0.0,0.0,0.0,3.141592653589793,5.551115123125783e-16,-2.220446049250313e-16,3.141592653589793,0.0,0.0,0.0,0.0
31.77999999999941,1.2962151909982909,2.972711515757865,4.861999999999998,0.0,0.0,0.0,3.141592653589793,5.551115123125783e-16,-2.220446049250313e-16,3.141592653589793,0.0,0.0,0.0,0.0
31.79999999999941,1.2962151909982909,2.972711515757865,4.861999999999998,0.0,0.0,0.0,3.141592653589793,5.551115123125783e-16,-2.220446049250313e-16,3.141592653589793,0.0,0.0,0.0,0.0
31.81999999999941,1.2962151909982909,2.972711515757865,4.861999999999998,0.0,0.0,0.0,3.141592653589793,5.551115123125783e-16,-2.220446049250313e-16,3.141592653589793,0.0,0.0,0.0,0.0
31.83999999999941,1.2962151909982909,2.972711515757865,4.861999999999998,0.0,0.0,0.0,3.141592653589793,5.551115123125783e-16,-2.220446049250313e-16,3.141592653589793,0.0,0.0,0.0,0.0
31.85999999999941,1.2962151909982909,2.972711515757865,4.861999999999998,0.0,0.0,0.0,3.141592653589793,5.551115123125783e-16,-2.220446049250313e-16,3.141592653589793,0.0,0.0,0.0,0.0
31.87999999999941,1.2962151909982909,2.972711515757865,4.861999999999998,0.0,0.0,0.0,3.141592653589793,5.551115123125783e-16,-2.220446049250313e-16,3.141592653589793,0.0,0.0,0.0,0.0
31.89999999999941,1.2962151909982909,2.972711515757865,4.861999999999998,0.0,0.0,0.0,3.141592653589793,5.551115123125783e-16,-2.220446049250313e-16,3.141592653589793,0.0,0.0,0.0,0.0
31.91999999999941,1.2962151909982909,2.972711515757865,4.861999999999998,0.0,0.0,0.0,3.141592653589793,5.551115123125783e-16,-2.220446049250313e-16,3.141592653589793,0.0,0.0,0.0,0.0
31.939999999999408,1.2962151909982909,2.972711515757865,4.861999999999998,0.0,0.0,0.0,3.141592653589793,5.551115123125783e-16,-2.220446049250313e-16,3.141592653589793,0.0,0.0,0.0,0.0
31.959999999999408,1.2962151909982909,2.972711515757865,4.861999999999998,0.0,0.0,0.0,3.141592653589793,5.551115123125783e-16,-2.220446049250313e-16,3.141592653589793,0.0,0.0,0.0,0.0
31.979999999999407,1.2962151909982909,2.972711515757865,4.861999999999998,0.0,0.0,0.0,3.141592653589793,5.551115123125783e-16,-2.220446049250313e-16,3.141592653589793,0.0,0.0,0.0,0.0
31.999999999999407,1.2962151909982909,2.972711515757865,4.861999999999998,0.0,0.0,0.0,3.141592653589793,5.551115123125783e-16,-2.220446049250313e-16,3.141592653589793,0.0,0.0,0.0,0.0
